case,variant,median_ns,control_over_variant
ingest_scrape100,rust_control,2605352.48,1.0
ingest_scrape100,only_bits,2648654.26,0.98365140341118
ingest_scrape100,only_buffers,2543953.62,1.0241352120248168
ingest_scrape100,only_fused,2767501.78,0.9414095047122246
ingest_scrape100,only_specialized,2586346.68,1.007348512149191
ingest_scrape100,rust_new,2674006.94,0.9743252498813635
maintain_ready,rust_control,34072880.0,1.0
maintain_ready,only_bits,32520744.0,1.0477275673643873
maintain_ready,only_buffers,31970862.0,1.0657479300996013
maintain_ready,only_fused,34931825.0,0.9754108180720588
maintain_ready,only_specialized,34193890.0,0.9964610636578639
maintain_ready,rust_new,33859597.0,1.0062990413028245
read_head_full8,rust_control,367397.515060241,1.0
read_head_full8,only_bits,340472.9096385542,1.0790800226962842
read_head_full8,only_buffers,349486.9578313253,1.0512481419623103
read_head_full8,only_fused,358220.9156626506,1.0256171513062413
read_head_full8,only_specialized,372715.7138554217,0.9857312192712013
read_head_full8,rust_new,324339.8704819277,1.132754707320858
read_sealed_full16,rust_control,2542118.775862069,1.0
read_sealed_full16,only_bits,2080124.8103448276,1.222099156367764
read_sealed_full16,only_buffers,2192616.120689655,1.1593998383367183
read_sealed_full16,only_fused,2294785.0689655175,1.1077807722568322
read_sealed_full16,only_specialized,2352483.8103448274,1.0806105294681898
read_sealed_full16,rust_new,1974894.7068965517,1.287217372645087
aggregate_sum,rust_control,182844.99292035398,1.0
aggregate_sum,only_bits,188284.17876106195,0.9711118274700581
aggregate_sum,only_buffers,180677.01592920354,1.0119991852865222
aggregate_sum,only_fused,182372.06548672565,1.002593201060514
aggregate_sum,only_specialized,179638.05663716813,1.0178522098447278
aggregate_sum,rust_new,185749.0761061947,0.9843655578443876
aggregate_cut_sum,rust_control,823776.8928571428,1.0
aggregate_cut_sum,only_bits,839029.95,0.9818206046841866
aggregate_cut_sum,only_buffers,862103.4357142857,0.9555429879183953
aggregate_cut_sum,only_fused,849883.8714285714,0.9692817107735611
aggregate_cut_sum,only_specialized,797490.55,1.0329613220584781
aggregate_cut_sum,rust_new,722336.0357142857,1.1404344406582827
read_wide64,rust_control,2890180.3902439023,1.0
read_wide64,only_bits,2683413.1463414636,1.0770538238527836
read_wide64,only_buffers,2845626.6341463416,1.0156569226485774
read_wide64,only_fused,2773506.0,1.0420674735313002
read_wide64,only_specialized,2959654.975609756,0.9765261201260325
read_wide64,rust_new,2622629.5853658537,1.1020162383475611
aggregate_wide_cut_sum,rust_control,2146261.9482758623,1.0
aggregate_wide_cut_sum,only_bits,2081998.9137931035,1.0308660269018493
aggregate_wide_cut_sum,only_buffers,2233236.4827586208,0.9610544896815751
aggregate_wide_cut_sum,only_fused,2145203.6551724137,1.0004933298994232
aggregate_wide_cut_sum,only_specialized,1959284.7068965517,1.0954313789727257
aggregate_wide_cut_sum,rust_new,1822595.396551724,1.1775855202622052
aggregate_wide_grouped_cut_sum,rust_control,2159237.185185185,1.0
aggregate_wide_grouped_cut_sum,only_bits,2042610.1666666667,1.0570970518123102
aggregate_wide_grouped_cut_sum,only_buffers,2223900.907407407,0.9709232897891993
aggregate_wide_grouped_cut_sum,only_fused,2372770.8703703703,0.9100066138489578
aggregate_wide_grouped_cut_sum,only_specialized,2059010.037037037,1.0486773480193312
aggregate_wide_grouped_cut_sum,rust_new,1924454.9444444445,1.1219993439797147
