case,new_over_lto,lto_over_native,lto_over_pgo,pgo_over_pgo_rayon2
ingest_append1,0.9466482330445631,1.0646520453852375,1.123347807878516,1.111834909726796
ingest_replace1,1.1386438642290815,0.9110856013401669,0.9763362778403533,0.9037701605904677
ingest_scrape100,0.980163312818478,0.9870476644296267,1.0853868566018023,0.9782790151796609
ingest_register8,0.9084303583606351,1.2196622778641646,1.2373254021305289,1.000998901311696
ingest_shuffled240,0.9729500442719574,1.0230909233147116,1.0517455519376226,0.97829345883881
ingest_duplicates240,0.8928798120292064,1.0649610928263369,1.051143489183215,1.0976417763006907
maintain_ready,1.1015934709931632,1.0146544086092497,0.9810360866520874,1.0188377646036941
expire_all,1.0108933597972574,1.067559220724592,1.0768215293758494,0.8783547730051076
read_head_point,1.1351685540080811,0.9895046179186464,1.13424480360343,0.9704867612868537
read_head_full8,0.992719627115723,1.0882758126378276,1.2973896559892921,1.1247945902291505
read_sealed_point,1.0391290398768573,1.0030462825919044,1.1368901134986455,1.0262270803668552
read_sealed_boundary,1.0464599963123793,1.0403879374401301,1.242086286367456,0.9795208868610324
read_sealed_full8,1.0039181260081538,1.0062740060217688,1.1911976556202588,1.139764200329876
read_sealed_full16,0.9791152598406564,1.0060780243037382,1.217649268466224,1.237357923621412
read_filtered_one,0.9400569384233071,1.0523804360129285,1.2876539592306877,1.01536555192846
stream_sealed_full8,1.040741626435755,0.9736329839957752,1.2479980036856964,1.0419353391575095
read_where,1.0384802217238174,1.0324749364394137,1.230626880603964,0.903207818002859
read_prefix,0.940913941010056,1.114599158785146,1.3364674602256437,1.0139259762623978
read_noneof,1.0812813678549569,0.9623448295512258,1.2078399423928103,1.0669593277247233
read_since,1.0167362543472518,1.0116285538189966,1.2494130145381077,0.7764733091550057
aggregate_count,1.0438458655329228,1.030543903165027,1.2395017099214871,0.864011295838129
aggregate_sum,1.0457819687443526,1.0183022567334301,1.172534949817362,1.0021663059571957
aggregate_avg,0.9862998817154425,1.0514560382651263,1.2217481858384378,0.993314165974463
aggregate_min,1.0495912712027213,0.9965098632762769,1.1734007668552568,1.038687610462165
aggregate_max,1.0872213055403668,1.0013108504458743,1.2407659270359217,0.9127630420367093
aggregate_delta,1.0458823080913826,0.9938955412043724,1.0877645588704483,0.9794152376706254
aggregate_increase,1.020786146770985,1.029286526736102,1.2879779068188373,0.9618357678564582
aggregate_rate,1.0664980569501374,1.0490259212244717,1.2854400670133057,0.921847746198003
aggregate_cut_sum,0.920819861939091,1.1531033798035384,1.3590135137922763,0.9826318137314878
aggregate_cut_avg,0.9619244738301476,1.120471089928226,1.358680716754943,0.9100879169993228
aggregate_grouped_sum,1.0050081090851997,1.1125978401569732,1.3477580588945242,0.9871009478828018
aggregate_grouped_increase,1.0076725229760917,1.0953585519583353,1.3469710253290224,0.9841496855207443
read_wide64,1.0340186754513916,0.9980308148775573,1.0909348943312713,1.117462250343335
stream_wide64,1.0469421795568514,0.9987063829885091,1.2376273755619622,0.9519303778864837
aggregate_wide_sum,1.0355043314494805,0.9769876034237092,1.2320063456928865,0.9603641307813524
aggregate_wide_cut_sum,0.9759230897087319,1.0423900107251594,1.2845910341023177,0.8133877923721171
aggregate_wide_cut_avg,1.0029230643823372,1.0875995919384414,1.301897341494622,0.8747537496816233
aggregate_wide_cut_count,1.0934130435105134,1.0092928567530062,1.0937459398095641,0.9418908142703182
aggregate_wide_grouped_cut_sum,1.1486422375640926,0.9942390692309748,1.1090089140153163,1.0370054134653677
read_edge,1.0480277405776002,0.9920845671354129,1.0844600160246345,0.7459739751273513
aggregate_edge_sum_3,1.08295389312766,0.9716408110026894,1.1330991709967455,0.8972783792122326
aggregate_edge_increase_10,1.0123965158380022,0.9688188245026899,1.093303190190981,1.0146346859870932
