kernel,width,variant,pass_id,iterations,warm,values,input_bytes,input_hash,output_hash,ns_per_op,samples
packed_residuals,1,scalar,1,2048,32,239,30,606089707256ecfc,899faf80bc5e5785,267.18310546875,489472
packed_residuals,2,scalar,1,2048,32,239,60,79665177d59e1849,e7cf86efc7b2fe05,464.97607421875,489472
packed_residuals,5,scalar,1,2048,32,239,150,62e8279a2ad865ca,af038aa55e012c01,1066.78564453125,489472
packed_residuals,8,scalar,1,2048,32,239,239,853231445b79d517,52bd95d512f6c4c1,1745.65283203125,489472
packed_residuals,13,scalar,1,2048,32,239,389,536113c84c375605,1398184e7ed43422,4006.150390625,489472
packed_residuals,32,scalar,1,2048,32,239,956,b4d969a25290d244,bdc841ae10f24fb4,8040.0322265625,489472
packed_residuals,63,scalar,1,2048,32,239,1883,56189e54810f093f,66b2f5a5429f1966,15361.24609375,489472
packed_residuals,64,scalar,1,2048,32,239,1912,3bcc09d1e5e231e6,3bcc09d1e5e231e6,15030.61474609375,489472
packed_residuals,1,words,1,2048,32,239,30,606089707256ecfc,899faf80bc5e5785,204.859375,489472
packed_residuals,2,words,1,2048,32,239,60,79665177d59e1849,e7cf86efc7b2fe05,205.92041015625,489472
packed_residuals,5,words,1,2048,32,239,150,62e8279a2ad865ca,af038aa55e012c01,234.15576171875,489472
packed_residuals,8,words,1,2048,32,239,239,853231445b79d517,52bd95d512f6c4c1,301.6484375,489472
packed_residuals,13,words,1,2048,32,239,389,536113c84c375605,1398184e7ed43422,322.3916015625,489472
packed_residuals,32,words,1,2048,32,239,956,b4d969a25290d244,bdc841ae10f24fb4,541.55908203125,489472
packed_residuals,63,words,1,2048,32,239,1883,56189e54810f093f,66b2f5a5429f1966,1066.17431640625,489472
packed_residuals,64,words,1,2048,32,239,1912,3bcc09d1e5e231e6,3bcc09d1e5e231e6,867.59912109375,489472
packed_residuals,1,scalar,2,2048,32,239,30,606089707256ecfc,899faf80bc5e5785,262.21923828125,489472
packed_residuals,2,scalar,2,2048,32,239,60,79665177d59e1849,e7cf86efc7b2fe05,480.9521484375,489472
packed_residuals,5,scalar,2,2048,32,239,150,62e8279a2ad865ca,af038aa55e012c01,1119.2216796875,489472
packed_residuals,8,scalar,2,2048,32,239,239,853231445b79d517,52bd95d512f6c4c1,1782.318359375,489472
packed_residuals,13,scalar,2,2048,32,239,389,536113c84c375605,1398184e7ed43422,5015.9423828125,489472
packed_residuals,32,scalar,2,2048,32,239,956,b4d969a25290d244,bdc841ae10f24fb4,9767.201171875,489472
packed_residuals,63,scalar,2,2048,32,239,1883,56189e54810f093f,66b2f5a5429f1966,14673.94873046875,489472
packed_residuals,64,scalar,2,2048,32,239,1912,3bcc09d1e5e231e6,3bcc09d1e5e231e6,14020.2314453125,489472
packed_residuals,1,words,2,2048,32,239,30,606089707256ecfc,899faf80bc5e5785,205.2451171875,489472
packed_residuals,2,words,2,2048,32,239,60,79665177d59e1849,e7cf86efc7b2fe05,197.666015625,489472
packed_residuals,5,words,2,2048,32,239,150,62e8279a2ad865ca,af038aa55e012c01,225.95947265625,489472
packed_residuals,8,words,2,2048,32,239,239,853231445b79d517,52bd95d512f6c4c1,247.41259765625,489472
packed_residuals,13,words,2,2048,32,239,389,536113c84c375605,1398184e7ed43422,295.232421875,489472
packed_residuals,32,words,2,2048,32,239,956,b4d969a25290d244,bdc841ae10f24fb4,534.3955078125,489472
packed_residuals,63,words,2,2048,32,239,1883,56189e54810f093f,66b2f5a5429f1966,945.140625,489472
packed_residuals,64,words,2,2048,32,239,1912,3bcc09d1e5e231e6,3bcc09d1e5e231e6,824.052734375,489472
packed_residuals,1,scalar,3,2048,32,239,30,606089707256ecfc,899faf80bc5e5785,293.5498046875,489472
packed_residuals,2,scalar,3,2048,32,239,60,79665177d59e1849,e7cf86efc7b2fe05,498.58544921875,489472
packed_residuals,5,scalar,3,2048,32,239,150,62e8279a2ad865ca,af038aa55e012c01,1178.3330078125,489472
packed_residuals,8,scalar,3,2048,32,239,239,853231445b79d517,52bd95d512f6c4c1,1912.79052734375,489472
packed_residuals,13,scalar,3,2048,32,239,389,536113c84c375605,1398184e7ed43422,4476.642578125,489472
packed_residuals,32,scalar,3,2048,32,239,956,b4d969a25290d244,bdc841ae10f24fb4,7779.353515625,489472
packed_residuals,63,scalar,3,2048,32,239,1883,56189e54810f093f,66b2f5a5429f1966,14430.03759765625,489472
packed_residuals,64,scalar,3,2048,32,239,1912,3bcc09d1e5e231e6,3bcc09d1e5e231e6,14861.65380859375,489472
packed_residuals,1,words,3,2048,32,239,30,606089707256ecfc,899faf80bc5e5785,352.96435546875,489472
packed_residuals,2,words,3,2048,32,239,60,79665177d59e1849,e7cf86efc7b2fe05,265.0166015625,489472
packed_residuals,5,words,3,2048,32,239,150,62e8279a2ad865ca,af038aa55e012c01,240.111328125,489472
packed_residuals,8,words,3,2048,32,239,239,853231445b79d517,52bd95d512f6c4c1,247.8134765625,489472
packed_residuals,13,words,3,2048,32,239,389,536113c84c375605,1398184e7ed43422,294.42041015625,489472
packed_residuals,32,words,3,2048,32,239,956,b4d969a25290d244,bdc841ae10f24fb4,620.74365234375,489472
packed_residuals,63,words,3,2048,32,239,1883,56189e54810f093f,66b2f5a5429f1966,1043.64111328125,489472
packed_residuals,64,words,3,2048,32,239,1912,3bcc09d1e5e231e6,3bcc09d1e5e231e6,815.0166015625,489472
packed_residuals,1,scalar,4,2048,32,239,30,606089707256ecfc,899faf80bc5e5785,383.73291015625,489472
packed_residuals,2,scalar,4,2048,32,239,60,79665177d59e1849,e7cf86efc7b2fe05,468.25244140625,489472
packed_residuals,5,scalar,4,2048,32,239,150,62e8279a2ad865ca,af038aa55e012c01,1228.19677734375,489472
packed_residuals,8,scalar,4,2048,32,239,239,853231445b79d517,52bd95d512f6c4c1,1750.43017578125,489472
packed_residuals,13,scalar,4,2048,32,239,389,536113c84c375605,1398184e7ed43422,3746.66455078125,489472
packed_residuals,32,scalar,4,2048,32,239,956,b4d969a25290d244,bdc841ae10f24fb4,7973.60107421875,489472
packed_residuals,63,scalar,4,2048,32,239,1883,56189e54810f093f,66b2f5a5429f1966,15471.98193359375,489472
packed_residuals,64,scalar,4,2048,32,239,1912,3bcc09d1e5e231e6,3bcc09d1e5e231e6,14620.9306640625,489472
packed_residuals,1,words,4,2048,32,239,30,606089707256ecfc,899faf80bc5e5785,190.14013671875,489472
packed_residuals,2,words,4,2048,32,239,60,79665177d59e1849,e7cf86efc7b2fe05,306.259765625,489472
packed_residuals,5,words,4,2048,32,239,150,62e8279a2ad865ca,af038aa55e012c01,367.69287109375,489472
packed_residuals,8,words,4,2048,32,239,239,853231445b79d517,52bd95d512f6c4c1,247.69091796875,489472
packed_residuals,13,words,4,2048,32,239,389,536113c84c375605,1398184e7ed43422,333.68310546875,489472
packed_residuals,32,words,4,2048,32,239,956,b4d969a25290d244,bdc841ae10f24fb4,503.06005859375,489472
packed_residuals,63,words,4,2048,32,239,1883,56189e54810f093f,66b2f5a5429f1966,889.02734375,489472
packed_residuals,64,words,4,2048,32,239,1912,3bcc09d1e5e231e6,3bcc09d1e5e231e6,842.04833984375,489472
packed_residuals,1,scalar,5,2048,32,239,30,606089707256ecfc,899faf80bc5e5785,265.36376953125,489472
packed_residuals,2,scalar,5,2048,32,239,60,79665177d59e1849,e7cf86efc7b2fe05,449.8759765625,489472
packed_residuals,5,scalar,5,2048,32,239,150,62e8279a2ad865ca,af038aa55e012c01,1036.43310546875,489472
packed_residuals,8,scalar,5,2048,32,239,239,853231445b79d517,52bd95d512f6c4c1,1728.2392578125,489472
packed_residuals,13,scalar,5,2048,32,239,389,536113c84c375605,1398184e7ed43422,3841.0087890625,489472
packed_residuals,32,scalar,5,2048,32,239,956,b4d969a25290d244,bdc841ae10f24fb4,7435.08837890625,489472
packed_residuals,63,scalar,5,2048,32,239,1883,56189e54810f093f,66b2f5a5429f1966,15133.90283203125,489472
packed_residuals,64,scalar,5,2048,32,239,1912,3bcc09d1e5e231e6,3bcc09d1e5e231e6,15169.95703125,489472
packed_residuals,1,words,5,2048,32,239,30,606089707256ecfc,899faf80bc5e5785,210.71240234375,489472
packed_residuals,2,words,5,2048,32,239,60,79665177d59e1849,e7cf86efc7b2fe05,244.1259765625,489472
packed_residuals,5,words,5,2048,32,239,150,62e8279a2ad865ca,af038aa55e012c01,301.10009765625,489472
packed_residuals,8,words,5,2048,32,239,239,853231445b79d517,52bd95d512f6c4c1,266.7333984375,489472
packed_residuals,13,words,5,2048,32,239,389,536113c84c375605,1398184e7ed43422,476.11083984375,489472
packed_residuals,32,words,5,2048,32,239,956,b4d969a25290d244,bdc841ae10f24fb4,530.4833984375,489472
packed_residuals,63,words,5,2048,32,239,1883,56189e54810f093f,66b2f5a5429f1966,1144.9287109375,489472
packed_residuals,64,words,5,2048,32,239,1912,3bcc09d1e5e231e6,3bcc09d1e5e231e6,845.021484375,489472
huffman,,scalar,1,2048,32,4096,1406,7ecc02dba36ff088,1be2abec39b468ae,49278.85888671875,8388608
huffman,,words,1,2048,32,4096,1406,7ecc02dba36ff088,1be2abec39b468ae,16388.73046875,8388608
huffman,,scalar,2,2048,32,4096,1406,7ecc02dba36ff088,1be2abec39b468ae,50995.4306640625,8388608
huffman,,words,2,2048,32,4096,1406,7ecc02dba36ff088,1be2abec39b468ae,16164.14013671875,8388608
huffman,,scalar,3,2048,32,4096,1406,7ecc02dba36ff088,1be2abec39b468ae,54954.5390625,8388608
huffman,,words,3,2048,32,4096,1406,7ecc02dba36ff088,1be2abec39b468ae,14420.0615234375,8388608
huffman,,scalar,4,2048,32,4096,1406,7ecc02dba36ff088,1be2abec39b468ae,52084.8623046875,8388608
huffman,,words,4,2048,32,4096,1406,7ecc02dba36ff088,1be2abec39b468ae,15739.267578125,8388608
huffman,,scalar,5,2048,32,4096,1406,7ecc02dba36ff088,1be2abec39b468ae,55071.60693359375,8388608
huffman,,words,5,2048,32,4096,1406,7ecc02dba36ff088,1be2abec39b468ae,14158.4384765625,8388608
