case,iterations,go_ms,rust_previous_ms,rust_control_ms,rust_new_ms,rayon2_ms,rust_lto_ms,rust_native_ms,rust_pgo_ms,pgo_rayon2_ms
ingest_append1,188,0.5942959414893617,0.43554415957446807,0.39571392553191487,0.3856390212765958,0.3583375957446808,0.40737309574468084,0.3826349627659575,0.362642,0.326165329787234
ingest_replace1,213,0.8435092582159625,0.6465272910798122,0.5586192300469484,0.6003462300469483,0.5528162863849765,0.5272467089201878,0.5787016150234742,0.5400257276995305,0.5975255117370892
ingest_scrape100,50,6.33118742,2.5106295800000002,2.60535248,2.67400694,2.83472668,2.72812388,2.76392314,2.5135037000000002,2.56931168
ingest_register8,16,1.99661725,1.0435536875,0.9933978125,1.0909031875,1.01850975,1.2008660625,0.984589,0.97053375,0.96956525
ingest_shuffled240,197,1.0239820456852793,0.6000594720812182,0.6689680862944162,0.5706458984771573,0.6091838172588833,0.5865109949238578,0.573273578680203,0.5576548375634517,0.5700281776649746
ingest_duplicates240,212,0.9054224811320755,0.5847932075471698,0.5918413443396227,0.5451266981132076,0.5610787641509434,0.6105264009433963,0.5732851698113207,0.580821179245283,0.529153674528302
maintain_ready,1,88.209821,37.040802,34.07288,33.859597,32.037129,30.736926,30.293,31.331086,30.751791
expire_all,1,16.207856,10.23529,11.141831,10.390616,10.83855,10.278647,9.628175,9.545358,10.867315
read_head_point,7320,0.05565865846994535,0.01682150942622951,0.01723229043715847,0.016936411338797815,0.015214715983606556,0.014919732650273226,0.015077981830601092,0.013153891120218579,0.013553910928961748
read_head_full8,332,0.9223206265060241,0.3651082801204819,0.367397515060241,0.3243398704819277,0.2582248373493976,0.3267185030120482,0.3002166355421687,0.2518275843373494,0.2238876204819277
read_sealed_point,3893,0.0934027492936039,0.030313557153865914,0.030389858977652194,0.029812304392499357,0.02977180683277678,0.02868970382738248,0.028602572309273055,0.02523524788081171,0.024590315694836884
read_sealed_boundary,653,0.4298135298621746,0.1875228851454824,0.1786383751914242,0.1816690995405819,0.19318828177641656,0.17360348238897397,0.1668641822358346,0.13976765084226644,0.14268981163859112
read_sealed_full8,114,2.6763217719298247,1.0961490614035088,1.1456424736842106,1.0070886403508772,0.8952086315789474,1.0031581403508771,0.9969035614035088,0.8421424736842106,0.738874298245614
read_sealed_full16,58,5.253130086206896,2.35613,2.5421187758620687,1.9748947068965517,1.7557692068965516,2.0170196379310346,2.0048342068965517,1.656486551724138,1.3387286896551724
read_filtered_one,1059,0.41225382152974505,0.12587126345609065,0.1315245684608121,0.1159829565627951,0.11494038243626062,0.1233786506137866,0.1172376893295562,0.09581662039660058,0.09436662511803588
stream_sealed_full8,130,2.9047302846153844,0.9452938615384615,1.0236039923076923,0.9156736076923077,0.8472519461538461,0.8798279846153846,0.9036546615384615,0.7049915,0.676617323076923
read_where,292,1.1369742910958904,0.4348519075342466,0.4412878561643836,0.41051366780821913,0.42957098287671236,0.39530234589041097,0.3828687089041096,0.3212203082191781,0.35564385273972604
read_prefix,804,0.41220925124378105,0.15830368159203978,0.16689890049751244,0.14825424378109453,0.1379369577114428,0.15756408457711443,0.14136390049751243,0.11789593781094526,0.11627667164179105
read_noneof,155,2.1571446451612903,0.8436296451612904,0.9252772322580646,0.8350196967741935,0.7161761999999999,0.7722501483870968,0.8024671870967742,0.6393646387096774,0.5992399354838709
read_since,383,0.8167403603133159,0.3096449817232376,0.32981495561357704,0.2999887937336814,0.37333605744125326,0.2950507493472585,0.2916591749347259,0.23615149347258485,0.3041334334203656
aggregate_count,622,0.37626634083601285,0.15670759003215434,0.15525492443729902,0.1574387508038585,0.17202573311897104,0.1508256688102894,0.14635540353697749,0.12168250160771704,0.14083438745980706
aggregate_sum,565,0.3770171221238938,0.17947496637168142,0.18284499292035397,0.1857490761061947,0.21717738230088496,0.1776174017699115,0.17442503008849558,0.15148154159292035,0.15115409557522122
aggregate_avg,573,0.3962538045375218,0.18770275218150087,0.18701701047120417,0.17571832111692845,0.19129723560209425,0.17815912216404886,0.16944039092495636,0.14582311169284468,0.14680462303664923
aggregate_min,701,0.37277059343794583,0.1518278673323823,0.1532288730385164,0.15669474607703282,0.17909020256776034,0.14929120542082738,0.14981407703281027,0.12722951069900143,0.12249064051355206
aggregate_max,845,0.3860740402366864,0.1502426047337278,0.15621381065088757,0.1626824177514793,0.15897732544378698,0.14963137396449702,0.14943548639053256,0.1205959727810651,0.13212188402366865
aggregate_delta,720,0.3834605444444445,0.1670432986111111,0.16661383194444446,0.16887707361111112,0.17537377499999998,0.161468525,0.16246025694444444,0.14844069305555554,0.15156053055555557
aggregate_increase,544,0.4221194393382353,0.21630320220588234,0.21943049264705883,0.21594791544117647,0.224547,0.21155059375,0.20553129595588235,0.16425017279411766,0.1707673786764706
aggregate_rate,560,0.41202831785714283,0.21438665178571428,0.21812964999999998,0.21565627499999998,0.21241816428571428,0.2022097214285714,0.1927595089285714,0.15730777857142858,0.17064399107142858
aggregate_cut_sum,140,2.3434203285714283,0.82223605,0.8237768928571428,0.7223360357142857,0.7655417428571428,0.7844488000000001,0.6802935571428571,0.5772192785714286,0.5874217285714286
aggregate_cut_avg,131,2.539842419847328,0.9231717404580152,0.879999106870229,0.729684213740458,0.7092587175572519,0.7585670534351145,0.677007251908397,0.5583114885496183,0.6134698396946564
aggregate_grouped_sum,669,0.4361534110612855,0.19096488490284008,0.19783718535127054,0.18628387144992528,0.18217817040358747,0.18535559043348282,0.16659711509715994,0.1375288310911809,0.13932600448430493
aggregate_grouped_increase,515,0.4558141844660194,0.2242533145631068,0.22747336699029125,0.2245475300970874,0.22337304077669903,0.22283780194174757,0.20343822718446603,0.16543622524271845,0.16810067378640778
read_wide64,41,6.573691609756097,2.7701784634146343,2.8901803902439025,2.622629585365854,2.6667476585365857,2.53634643902439,2.5413508292682927,2.324929243902439,2.0805438780487804
stream_wide64,54,5.875216981481481,2.384619407407407,2.324341277777778,2.222868740740741,2.252076777777778,2.1232010555555556,2.125951222222222,1.7155414444444446,1.8021711296296297
aggregate_wide_sum,183,1.2444881584699454,0.6753667486338798,0.6840774535519125,0.6667812021857924,0.685563693989071,0.6439192786885246,0.6590864371584699,0.5226590601092896,0.5442300928961749
aggregate_wide_cut_sum,58,5.264797568965517,2.1541886379310347,2.1462619482758623,1.822595396551724,2.163236396551724,1.8675604827586207,1.791613948275862,1.4538171551724137,1.7873604310344828
aggregate_wide_cut_avg,52,5.763077307692308,2.1374267884615383,2.189388346153846,1.9070531923076923,2.1183492884615385,1.901495,1.7483410384615385,1.4605567884615385,1.6696776538461537
aggregate_wide_cut_count,55,4.459183018181818,2.0014812363636363,1.9337971272727272,1.5811807454545455,1.809296509090909,1.4460964727272727,1.4327818363636364,1.3221502545454547,1.4037192363636364
aggregate_wide_grouped_cut_sum,54,5.358062111111111,2.1027889814814813,2.159237185185185,1.9244549444444445,1.9843777592592593,1.6754171851851851,1.6851250740740742,1.5107337407407406,1.456823388888889
read_edge,412,0.602175072815534,0.20796632524271844,0.21321662621359225,0.18427711893203882,0.24557559466019419,0.17583229126213593,0.1772351844660194,0.16213810436893206,0.21735088592233012
aggregate_edge_sum_3,8234,0.05542640029147437,0.01613850740830702,0.015607596429438913,0.01662747218848676,0.017519435146951663,0.015353813577847947,0.0158019438911829,0.013550282244352684,0.015101536555744475
aggregate_edge_increase_10,8005,0.05736154603372892,0.01713265034353529,0.016557394253591505,0.016412641973766396,0.01626507720174891,0.01621167370393504,0.01673344209868832,0.014828159150530918,0.014614283697688945
