case,variant,pass_id,iterations,retained_samples,rss_kib,max_rss_kib,heap_alloc_bytes,heap_sys_bytes,sqlite_memory_used
read_head_full8,go,1,16,256128,20076,20380,5557712,16220160,
read_head_full8,rust_previous,1,16,256128,7844,7628,,,343600
read_head_full8,rust_new,1,16,256128,8052,7888,,,343600
read_head_full8,rayon2,1,16,256128,8264,8048,,,343600
read_head_full8,rust_pgo,1,16,256128,7860,7764,,,343600
read_head_full8,go,2,16,256128,19852,20000,5552216,16285696,
read_head_full8,rust_previous,2,16,256128,7784,7620,,,343600
read_head_full8,rust_new,2,16,256128,8056,7888,,,343600
read_head_full8,rayon2,2,16,256128,8264,8092,,,343600
read_head_full8,rust_pgo,2,16,256128,7804,7708,,,343600
read_head_full8,go,3,16,256128,20200,20384,5543624,16220160,
read_head_full8,rust_previous,3,16,256128,7780,7620,,,343600
read_head_full8,rust_new,3,16,256128,8056,7864,,,343600
read_head_full8,rayon2,3,16,256128,8268,8120,,,343600
read_head_full8,rust_pgo,3,16,256128,7848,7752,,,343600
read_sealed_full16,go,1,16,1229056,51952,52104,21335520,50003968,
read_sealed_full16,rust_previous,1,16,1229056,23764,23692,,,381928
read_sealed_full16,rust_new,1,16,1229056,23988,23960,,,381928
read_sealed_full16,rayon2,1,16,1229056,24216,24036,,,381928
read_sealed_full16,rust_pgo,1,16,1229056,23800,23784,,,381928
read_sealed_full16,go,2,16,1229056,51232,51216,21335456,45809664,
read_sealed_full16,rust_previous,2,16,1229056,23768,23756,,,381928
read_sealed_full16,rust_new,2,16,1229056,24016,23988,,,381928
read_sealed_full16,rayon2,2,16,1229056,24140,23984,,,381928
read_sealed_full16,rust_pgo,2,16,1229056,23752,23676,,,381928
read_sealed_full16,go,3,16,1229056,51444,51488,21339008,45776896,
read_sealed_full16,rust_previous,3,16,1229056,23832,23820,,,381928
read_sealed_full16,rust_new,3,16,1229056,23960,23932,,,381928
read_sealed_full16,rayon2,3,16,1229056,24164,23960,,,381928
read_sealed_full16,rust_pgo,3,16,1229056,23844,23836,,,381928
read_wide64,go,1,16,1475584,64812,64928,30054832,62619648,
read_wide64,rust_previous,1,16,1475584,28244,28236,,,400344
read_wide64,rust_new,1,16,1475584,28456,28428,,,400344
read_wide64,rayon2,1,16,1475584,28660,28544,,,400344
read_wide64,rust_pgo,1,16,1475584,28200,28012,,,400344
read_wide64,go,2,16,1475584,68680,68640,30056656,62619648,
read_wide64,rust_previous,2,16,1475584,28324,28300,,,400344
read_wide64,rust_new,2,16,1475584,28508,28500,,,400344
read_wide64,rayon2,2,16,1475584,28696,28520,,,400344
read_wide64,rust_pgo,2,16,1475584,28136,28048,,,400344
read_wide64,go,3,16,1475584,69572,69724,30056016,66781184,
read_wide64,rust_previous,3,16,1475584,28300,28300,,,400344
read_wide64,rust_new,3,16,1475584,28444,28376,,,400344
read_wide64,rayon2,3,16,1475584,28760,28656,,,400344
read_wide64,rust_pgo,3,16,1475584,28276,28188,,,400344
stream_wide64,go,1,16,0,15768,15904,268688,8093696,
stream_wide64,rust_previous,1,16,0,4604,4492,,,400344
stream_wide64,rust_new,1,16,0,4760,4760,,,400344
stream_wide64,rayon2,1,16,0,5224,5220,,,400344
stream_wide64,rust_pgo,1,16,0,4556,4620,,,400344
stream_wide64,go,2,16,0,15024,15708,268432,8093696,
stream_wide64,rust_previous,2,16,0,4552,4552,,,400344
stream_wide64,rust_new,2,16,0,4832,4816,,,400344
stream_wide64,rayon2,2,16,0,5252,5404,,,400344
stream_wide64,rust_pgo,2,16,0,4552,4444,,,400344
stream_wide64,go,3,16,0,15652,17920,275552,12255232,
stream_wide64,rust_previous,3,16,0,4552,4364,,,400344
stream_wide64,rust_new,3,16,0,4824,4824,,,400344
stream_wide64,rayon2,3,16,0,5156,5032,,,400344
stream_wide64,rust_pgo,3,16,0,4536,4536,,,400344
aggregate_cut_sum,go,1,16,0,14608,14796,392224,7995392,
aggregate_cut_sum,rust_previous,1,16,0,4432,4484,,,347904
aggregate_cut_sum,rust_new,1,16,0,4544,4496,,,347904
aggregate_cut_sum,rayon2,1,16,0,4828,4600,,,347904
aggregate_cut_sum,rust_pgo,1,16,0,4392,4436,,,347904
aggregate_cut_sum,go,2,16,0,14856,15136,414072,7962624,
aggregate_cut_sum,rust_previous,2,16,0,4368,4420,,,347904
aggregate_cut_sum,rust_new,2,16,0,4596,4480,,,347904
aggregate_cut_sum,rayon2,2,16,0,4808,4560,,,347904
aggregate_cut_sum,rust_pgo,2,16,0,4344,4236,,,347904
aggregate_cut_sum,go,3,16,0,13832,14368,414368,7995392,
aggregate_cut_sum,rust_previous,3,16,0,4436,4484,,,347904
aggregate_cut_sum,rust_new,3,16,0,4652,4620,,,347904
aggregate_cut_sum,rayon2,3,16,0,4808,4592,,,347904
aggregate_cut_sum,rust_pgo,3,16,0,4240,4264,,,347904
aggregate_wide_cut_sum,go,1,16,0,15512,15592,890032,8093696,
aggregate_wide_cut_sum,rust_previous,1,16,0,5432,5324,,,400344
aggregate_wide_cut_sum,rust_new,1,16,0,5644,5528,,,400344
aggregate_wide_cut_sum,rayon2,1,16,0,5804,5680,,,400344
aggregate_wide_cut_sum,rust_pgo,1,16,0,5304,5268,,,400344
aggregate_wide_cut_sum,go,2,16,0,15540,15604,886832,8060928,
aggregate_wide_cut_sum,rust_previous,2,16,0,5504,5380,,,400344
aggregate_wide_cut_sum,rust_new,2,16,0,5632,5528,,,400344
aggregate_wide_cut_sum,rayon2,2,16,0,5780,5648,,,400344
aggregate_wide_cut_sum,rust_pgo,2,16,0,5420,5380,,,400344
aggregate_wide_cut_sum,go,3,16,0,15344,15420,890592,8093696,
aggregate_wide_cut_sum,rust_previous,3,16,0,5432,5316,,,400344
aggregate_wide_cut_sum,rust_new,3,16,0,5636,5528,,,400344
aggregate_wide_cut_sum,rayon2,3,16,0,5880,5732,,,400344
aggregate_wide_cut_sum,rust_pgo,3,16,0,5292,5268,,,400344
