case,mask,pass_id,iterations,stage,calls,inclusive_ns,rust_allocation_calls,rust_requested_bytes
read_head_point,0,1,32,aggregate_process,0,0,0,0
read_head_point,0,1,32,aggregate_total,0,0,0,0
read_head_point,0,1,32,decode_block,0,0,0,0
read_head_point,0,1,32,decode_head_chunk,32,219577,256,17216
read_head_point,0,1,32,fetch_group_rows,32,26779,32,11264
read_head_point,0,1,32,fetch_heads,32,51386,672,85152
read_head_point,0,1,32,fetch_payloads,0,0,0,0
read_head_point,0,1,32,fold_series,0,0,0,0
read_head_point,0,1,32,match_registry,32,277555,1408,122464
read_head_point,0,1,32,operation,32,754507,3104,552992
read_head_point,0,1,32,parse_head,32,20663,608,59936
read_head_point,0,1,32,read_process,32,295347,384,275776
read_head_point,0,1,32,read_total,32,744423,2944,535008
read_head_point,0,1,32,snapshot,32,437435,2400,241344
read_head_point,15,1,32,aggregate_process,0,0,0,0
read_head_point,15,1,32,aggregate_total,0,0,0,0
read_head_point,15,1,32,decode_block,0,0,0,0
read_head_point,15,1,32,decode_head_chunk,32,131533,224,16384
read_head_point,15,1,32,fetch_group_rows,32,25136,32,11264
read_head_point,15,1,32,fetch_heads,32,42185,128,72320
read_head_point,15,1,32,fetch_payloads,0,0,0,0
read_head_point,15,1,32,fold_series,0,0,0,0
read_head_point,15,1,32,match_registry,32,312393,1408,122464
read_head_point,15,1,32,operation,32,672244,2464,293568
read_head_point,15,1,32,parse_head,32,13644,64,47104
read_head_point,15,1,32,read_process,32,146255,288,29184
read_head_point,15,1,32,read_total,32,661852,2304,275584
read_head_point,15,1,32,snapshot,32,504388,1856,228512
read_head_point,15,2,32,aggregate_process,0,0,0,0
read_head_point,15,2,32,aggregate_total,0,0,0,0
read_head_point,15,2,32,decode_block,0,0,0,0
read_head_point,15,2,32,decode_head_chunk,32,109373,224,16384
read_head_point,15,2,32,fetch_group_rows,32,20892,32,11264
read_head_point,15,2,32,fetch_heads,32,39056,128,72320
read_head_point,15,2,32,fetch_payloads,0,0,0,0
read_head_point,15,2,32,fold_series,0,0,0,0
read_head_point,15,2,32,match_registry,32,241937,1408,122464
read_head_point,15,2,32,operation,32,497856,2464,293568
read_head_point,15,2,32,parse_head,32,11966,64,47104
read_head_point,15,2,32,read_process,32,123553,288,29184
read_head_point,15,2,32,read_total,32,487563,2304,275584
read_head_point,15,2,32,snapshot,32,352744,1856,228512
read_head_point,0,2,32,aggregate_process,0,0,0,0
read_head_point,0,2,32,aggregate_total,0,0,0,0
read_head_point,0,2,32,decode_block,0,0,0,0
read_head_point,0,2,32,decode_head_chunk,32,110205,256,17216
read_head_point,0,2,32,fetch_group_rows,32,20011,32,11264
read_head_point,0,2,32,fetch_heads,32,45049,672,85152
read_head_point,0,2,32,fetch_payloads,0,0,0,0
read_head_point,0,2,32,fold_series,0,0,0,0
read_head_point,0,2,32,match_registry,32,231469,1408,122464
read_head_point,0,2,32,operation,32,496212,3104,552992
read_head_point,0,2,32,parse_head,32,18899,608,59936
read_head_point,0,2,32,read_process,32,131975,384,275776
read_head_point,0,2,32,read_total,32,487005,2944,535008
read_head_point,0,2,32,snapshot,32,345371,2400,241344
read_head_point,0,3,32,aggregate_process,0,0,0,0
read_head_point,0,3,32,aggregate_total,0,0,0,0
read_head_point,0,3,32,decode_block,0,0,0,0
read_head_point,0,3,32,decode_head_chunk,32,116061,256,17216
read_head_point,0,3,32,fetch_group_rows,32,20758,32,11264
read_head_point,0,3,32,fetch_heads,32,50375,672,85152
read_head_point,0,3,32,fetch_payloads,0,0,0,0
read_head_point,0,3,32,fold_series,0,0,0,0
read_head_point,0,3,32,match_registry,32,332713,1408,122464
read_head_point,0,3,32,operation,32,643894,3104,552992
read_head_point,0,3,32,parse_head,32,21044,608,59936
read_head_point,0,3,32,read_process,32,139996,384,275776
read_head_point,0,3,32,read_total,32,611323,2944,535008
read_head_point,0,3,32,snapshot,32,459058,2400,241344
read_head_point,15,3,32,aggregate_process,0,0,0,0
read_head_point,15,3,32,aggregate_total,0,0,0,0
read_head_point,15,3,32,decode_block,0,0,0,0
read_head_point,15,3,32,decode_head_chunk,32,101597,224,16384
read_head_point,15,3,32,fetch_group_rows,32,258783,32,11264
read_head_point,15,3,32,fetch_heads,32,44312,128,72320
read_head_point,15,3,32,fetch_payloads,0,0,0,0
read_head_point,15,3,32,fold_series,0,0,0,0
read_head_point,15,3,32,match_registry,32,271543,1408,122464
read_head_point,15,3,32,operation,32,857149,2464,293568
read_head_point,15,3,32,parse_head,32,13018,64,47104
read_head_point,15,3,32,read_process,32,116572,288,29184
read_head_point,15,3,32,read_total,32,847229,2304,275584
read_head_point,15,3,32,snapshot,32,634353,1856,228512
read_head_full8,0,1,32,aggregate_process,0,0,0,0
read_head_full8,0,1,32,aggregate_total,0,0,0,0
read_head_full8,0,1,32,decode_block,0,0,0,0
read_head_full8,0,1,32,decode_head_chunk,2304,8321313,18176,1174016
read_head_full8,0,1,32,fetch_group_rows,256,295862,256,90112
read_head_full8,0,1,32,fetch_heads,256,839613,5376,681216
read_head_full8,0,1,32,fetch_payloads,0,0,0,0
read_head_full8,0,1,32,fold_series,0,0,0,0
read_head_full8,0,1,32,match_registry,32,999028,4512,375712
read_head_full8,0,1,32,operation,32,14450300,35264,27140608
read_head_full8,0,1,32,parse_head,256,355492,4864,479488
read_head_full8,0,1,32,read_process,32,11678495,23104,25799168
read_head_full8,0,1,32,read_total,32,14048641,35200,27140128
read_head_full8,0,1,32,snapshot,32,2350399,12000,1323168
read_head_full8,15,1,32,aggregate_process,0,0,0,0
read_head_full8,15,1,32,aggregate_total,0,0,0,0
read_head_full8,15,1,32,decode_block,0,0,0,0
read_head_full8,15,1,32,decode_head_chunk,2304,6950171,15872,1114112
read_head_full8,15,1,32,fetch_group_rows,256,160274,256,90112
read_head_full8,15,1,32,fetch_heads,256,324062,1024,578560
read_head_full8,15,1,32,fetch_payloads,0,0,0,0
read_head_full8,15,1,32,fold_series,0,0,0,0
read_head_full8,15,1,32,match_registry,32,774046,4512,375712
read_head_full8,15,1,32,operation,32,11506532,24000,10585856
read_head_full8,15,1,32,parse_head,256,101915,512,376832
read_head_full8,15,1,32,read_process,32,9773554,16192,9347072
read_head_full8,15,1,32,read_total,32,11210151,23936,10585376
read_head_full8,15,1,32,snapshot,32,1420032,7648,1220512
read_head_full8,15,2,32,aggregate_process,0,0,0,0
read_head_full8,15,2,32,aggregate_total,0,0,0,0
read_head_full8,15,2,32,decode_block,0,0,0,0
read_head_full8,15,2,32,decode_head_chunk,2304,6954246,15872,1114112
read_head_full8,15,2,32,fetch_group_rows,256,226788,256,90112
read_head_full8,15,2,32,fetch_heads,256,318610,1024,578560
read_head_full8,15,2,32,fetch_payloads,0,0,0,0
read_head_full8,15,2,32,fold_series,0,0,0,0
read_head_full8,15,2,32,match_registry,32,639387,4512,375712
read_head_full8,15,2,32,operation,32,11162141,24000,10585856
read_head_full8,15,2,32,parse_head,256,103764,512,376832
read_head_full8,15,2,32,read_process,32,9549943,16192,9347072
read_head_full8,15,2,32,read_total,32,10907312,23936,10585376
read_head_full8,15,2,32,snapshot,32,1341467,7648,1220512
read_head_full8,0,2,32,aggregate_process,0,0,0,0
read_head_full8,0,2,32,aggregate_total,0,0,0,0
read_head_full8,0,2,32,decode_block,0,0,0,0
read_head_full8,0,2,32,decode_head_chunk,2304,8431776,18176,1174016
read_head_full8,0,2,32,fetch_group_rows,256,164104,256,90112
read_head_full8,0,2,32,fetch_heads,256,424589,5376,681216
read_head_full8,0,2,32,fetch_payloads,0,0,0,0
read_head_full8,0,2,32,fold_series,0,0,0,0
read_head_full8,0,2,32,match_registry,32,774617,4512,375712
read_head_full8,0,2,32,operation,32,13344510,35264,27140608
read_head_full8,0,2,32,parse_head,256,198446,4864,479488
read_head_full8,0,2,32,read_process,32,11484748,23104,25799168
read_head_full8,0,2,32,read_total,32,13052869,35200,27140128
read_head_full8,0,2,32,snapshot,32,1550484,12000,1323168
read_head_full8,0,3,32,aggregate_process,0,0,0,0
read_head_full8,0,3,32,aggregate_total,0,0,0,0
read_head_full8,0,3,32,decode_block,0,0,0,0
read_head_full8,0,3,32,decode_head_chunk,2304,8058376,18176,1174016
read_head_full8,0,3,32,fetch_group_rows,256,164586,256,90112
read_head_full8,0,3,32,fetch_heads,256,415817,5376,681216
read_head_full8,0,3,32,fetch_payloads,0,0,0,0
read_head_full8,0,3,32,fold_series,0,0,0,0
read_head_full8,0,3,32,match_registry,32,695188,4512,375712
read_head_full8,0,3,32,operation,32,12855770,35264,27140608
read_head_full8,0,3,32,parse_head,256,192274,4864,479488
read_head_full8,0,3,32,read_process,32,11111879,23104,25799168
read_head_full8,0,3,32,read_total,32,12571890,35200,27140128
read_head_full8,0,3,32,snapshot,32,1440143,12000,1323168
read_head_full8,15,3,32,aggregate_process,0,0,0,0
read_head_full8,15,3,32,aggregate_total,0,0,0,0
read_head_full8,15,3,32,decode_block,0,0,0,0
read_head_full8,15,3,32,decode_head_chunk,2304,6634176,15872,1114112
read_head_full8,15,3,32,fetch_group_rows,256,288773,256,90112
read_head_full8,15,3,32,fetch_heads,256,346338,1024,578560
read_head_full8,15,3,32,fetch_payloads,0,0,0,0
read_head_full8,15,3,32,fold_series,0,0,0,0
read_head_full8,15,3,32,match_registry,32,843331,4512,375712
read_head_full8,15,3,32,operation,32,11871303,24000,10585856
read_head_full8,15,3,32,parse_head,256,102689,512,376832
read_head_full8,15,3,32,read_process,32,9920353,16192,9347072
read_head_full8,15,3,32,read_total,32,11586449,23936,10585376
read_head_full8,15,3,32,snapshot,32,1646630,7648,1220512
read_sealed_full8,0,1,32,aggregate_process,0,0,0,0
read_sealed_full8,0,1,32,aggregate_total,0,0,0,0
read_sealed_full8,0,1,32,decode_block,5120,22298960,46080,22415360
read_sealed_full8,0,1,32,decode_head_chunk,256,58523,256,6656
read_sealed_full8,0,1,32,fetch_group_rows,256,483901,768,301312
read_sealed_full8,0,1,32,fetch_heads,256,462226,1280,90112
read_sealed_full8,0,1,32,fetch_payloads,0,0,0,0
read_sealed_full8,0,1,32,fold_series,0,0,0,0
read_sealed_full8,0,1,32,match_registry,32,1179935,4512,377728
read_sealed_full8,0,1,32,operation,32,41892569,119872,54339488
read_sealed_full8,0,1,32,parse_head,256,133304,768,33024
read_sealed_full8,0,1,32,read_process,32,31977045,47168,42131968
read_sealed_full8,0,1,32,read_total,32,41260750,119840,54339136
read_sealed_full8,0,1,32,select_group,256,6782665,64160,11242080
read_sealed_full8,0,1,32,snapshot,32,9253047,72576,12189152
read_sealed_full8,15,1,32,aggregate_process,0,0,0,0
read_sealed_full8,15,1,32,aggregate_total,0,0,0,0
read_sealed_full8,15,1,32,decode_block,5120,16279874,35840,2621440
read_sealed_full8,15,1,32,decode_head_chunk,256,33383,0,0
read_sealed_full8,15,1,32,fetch_group_rows,256,586320,768,301312
read_sealed_full8,15,1,32,fetch_heads,256,319860,1024,93952
read_sealed_full8,15,1,32,fetch_payloads,0,0,0,0
read_sealed_full8,15,1,32,fold_series,0,0,0,0
read_sealed_full8,15,1,32,match_registry,32,845467,4512,377728
read_sealed_full8,15,1,32,operation,32,32612476,108608,34534560
read_sealed_full8,15,1,32,parse_head,256,74218,512,36864
read_sealed_full8,15,1,32,read_process,32,23692664,36160,22323200
read_sealed_full8,15,1,32,read_total,32,32117577,108576,34534208
read_sealed_full8,15,1,32,select_group,256,6390250,64160,11242080
read_sealed_full8,15,1,32,snapshot,32,8400446,72320,12192992
read_sealed_full8,15,2,32,aggregate_process,0,0,0,0
read_sealed_full8,15,2,32,aggregate_total,0,0,0,0
read_sealed_full8,15,2,32,decode_block,5120,17740706,35840,2621440
read_sealed_full8,15,2,32,decode_head_chunk,256,35726,0,0
read_sealed_full8,15,2,32,fetch_group_rows,256,447731,768,301312
read_sealed_full8,15,2,32,fetch_heads,256,306595,1024,93952
read_sealed_full8,15,2,32,fetch_payloads,0,0,0,0
read_sealed_full8,15,2,32,fold_series,0,0,0,0
read_sealed_full8,15,2,32,match_registry,32,1014023,4512,377728
read_sealed_full8,15,2,32,operation,32,36945621,108608,34534560
read_sealed_full8,15,2,32,parse_head,256,75611,512,36864
read_sealed_full8,15,2,32,read_process,32,27914168,36160,22323200
read_sealed_full8,15,2,32,read_total,32,36402400,108576,34534208
read_sealed_full8,15,2,32,select_group,256,6392836,64160,11242080
read_sealed_full8,15,2,32,snapshot,32,8460599,72320,12192992
read_sealed_full8,0,2,32,aggregate_process,0,0,0,0
read_sealed_full8,0,2,32,aggregate_total,0,0,0,0
read_sealed_full8,0,2,32,decode_block,5120,20489549,46080,22415360
read_sealed_full8,0,2,32,decode_head_chunk,256,37805,256,6656
read_sealed_full8,0,2,32,fetch_group_rows,256,403794,768,301312
read_sealed_full8,0,2,32,fetch_heads,256,289284,1280,90112
read_sealed_full8,0,2,32,fetch_payloads,0,0,0,0
read_sealed_full8,0,2,32,fold_series,0,0,0,0
read_sealed_full8,0,2,32,match_registry,32,1000151,4512,377728
read_sealed_full8,0,2,32,operation,32,36880418,119872,54339488
read_sealed_full8,0,2,32,parse_head,256,60032,768,33024
read_sealed_full8,0,2,32,read_process,32,27777377,47168,42131968
read_sealed_full8,0,2,32,read_total,32,36156187,119840,54339136
read_sealed_full8,0,2,32,select_group,256,6311329,64160,11242080
read_sealed_full8,0,2,32,snapshot,32,8350938,72576,12189152
read_sealed_full8,0,3,32,aggregate_process,0,0,0,0
read_sealed_full8,0,3,32,aggregate_total,0,0,0,0
read_sealed_full8,0,3,32,decode_block,5120,19687723,46080,22415360
read_sealed_full8,0,3,32,decode_head_chunk,256,39450,256,6656
read_sealed_full8,0,3,32,fetch_group_rows,256,372897,768,301312
read_sealed_full8,0,3,32,fetch_heads,256,273117,1280,90112
read_sealed_full8,0,3,32,fetch_payloads,0,0,0,0
read_sealed_full8,0,3,32,fold_series,0,0,0,0
read_sealed_full8,0,3,32,match_registry,32,787334,4512,377728
read_sealed_full8,0,3,32,operation,32,35436882,119872,54339488
read_sealed_full8,0,3,32,parse_head,256,58453,768,33024
read_sealed_full8,0,3,32,read_process,32,26736220,47168,42131968
read_sealed_full8,0,3,32,read_total,32,34949639,119840,54339136
read_sealed_full8,0,3,32,select_group,256,6502477,64160,11242080
read_sealed_full8,0,3,32,snapshot,32,8189499,72576,12189152
read_sealed_full8,15,3,32,aggregate_process,0,0,0,0
read_sealed_full8,15,3,32,aggregate_total,0,0,0,0
read_sealed_full8,15,3,32,decode_block,5120,16223956,35840,2621440
read_sealed_full8,15,3,32,decode_head_chunk,256,31471,0,0
read_sealed_full8,15,3,32,fetch_group_rows,256,516011,768,301312
read_sealed_full8,15,3,32,fetch_heads,256,381483,1024,93952
read_sealed_full8,15,3,32,fetch_payloads,0,0,0,0
read_sealed_full8,15,3,32,fold_series,0,0,0,0
read_sealed_full8,15,3,32,match_registry,32,869859,4512,377728
read_sealed_full8,15,3,32,operation,32,32505155,108608,34534560
read_sealed_full8,15,3,32,parse_head,256,90771,512,36864
read_sealed_full8,15,3,32,read_process,32,23605991,36160,22323200
read_sealed_full8,15,3,32,read_total,32,31988902,108576,34534208
read_sealed_full8,15,3,32,select_group,256,6340434,64160,11242080
read_sealed_full8,15,3,32,snapshot,32,8360711,72320,12192992
read_sealed_full16,0,1,32,aggregate_process,0,0,0,0
read_sealed_full16,0,1,32,aggregate_total,0,0,0,0
read_sealed_full16,0,1,32,decode_block,10240,38864338,92160,44830720
read_sealed_full16,0,1,32,decode_head_chunk,512,71929,512,13312
read_sealed_full16,0,1,32,fetch_group_rows,32,1171047,1632,653760
read_sealed_full16,0,1,32,fetch_heads,32,631664,2560,289792
read_sealed_full16,0,1,32,fetch_payloads,32,3333914,14624,2331776
read_sealed_full16,0,1,32,fold_series,0,0,0,0
read_sealed_full16,0,1,32,match_registry,32,1315497,7712,656992
read_sealed_full16,0,1,32,operation,32,69520699,262368,110351456
read_sealed_full16,0,1,32,parse_head,512,108783,1536,66048
read_sealed_full16,0,1,32,read_process,32,54189010,94304,84276224
read_sealed_full16,0,1,32,read_total,32,68520147,262240,110333376
read_sealed_full16,0,1,32,select_group,512,7441362,137664,21750752
read_sealed_full16,0,1,32,snapshot,32,14298803,167840,26039424
read_sealed_full16,15,1,32,aggregate_process,0,0,0,0
read_sealed_full16,15,1,32,aggregate_total,0,0,0,0
read_sealed_full16,15,1,32,decode_block,10240,35337005,71680,5242880
read_sealed_full16,15,1,32,decode_head_chunk,512,75610,0,0
read_sealed_full16,15,1,32,fetch_group_rows,32,1233727,1632,653760
read_sealed_full16,15,1,32,fetch_heads,32,764142,2048,297472
read_sealed_full16,15,1,32,fetch_payloads,32,3857356,14624,2331776
read_sealed_full16,15,1,32,fold_series,0,0,0,0
read_sealed_full16,15,1,32,match_registry,32,1705263,7712,656992
read_sealed_full16,15,1,32,operation,32,69951447,239840,70741600
read_sealed_full16,15,1,32,parse_head,512,103940,1024,73728
read_sealed_full16,15,1,32,read_process,32,52843584,72288,44658688
read_sealed_full16,15,1,32,read_total,32,68873945,239712,70723520
read_sealed_full16,15,1,32,select_group,512,7897958,137664,21750752
read_sealed_full16,15,1,32,snapshot,32,15996729,167328,26047104
read_sealed_full16,15,2,32,aggregate_process,0,0,0,0
read_sealed_full16,15,2,32,aggregate_total,0,0,0,0
read_sealed_full16,15,2,32,decode_block,10240,36036079,71680,5242880
read_sealed_full16,15,2,32,decode_head_chunk,512,62712,0,0
read_sealed_full16,15,2,32,fetch_group_rows,32,1367394,1632,653760
read_sealed_full16,15,2,32,fetch_heads,32,667809,2048,297472
read_sealed_full16,15,2,32,fetch_payloads,32,3485308,14624,2331776
read_sealed_full16,15,2,32,fold_series,0,0,0,0
read_sealed_full16,15,2,32,match_registry,32,1342726,7712,656992
read_sealed_full16,15,2,32,operation,32,70551979,239840,70741600
read_sealed_full16,15,2,32,parse_head,512,108309,1024,73728
read_sealed_full16,15,2,32,read_process,32,53864921,72288,44658688
read_sealed_full16,15,2,32,read_total,32,69462579,239712,70723520
read_sealed_full16,15,2,32,select_group,512,8214915,137664,21750752
read_sealed_full16,15,2,32,snapshot,32,15564606,167328,26047104
read_sealed_full16,0,2,32,aggregate_process,0,0,0,0
read_sealed_full16,0,2,32,aggregate_total,0,0,0,0
read_sealed_full16,0,2,32,decode_block,10240,50147636,92160,44830720
read_sealed_full16,0,2,32,decode_head_chunk,512,123233,512,13312
read_sealed_full16,0,2,32,fetch_group_rows,32,1177214,1632,653760
read_sealed_full16,0,2,32,fetch_heads,32,753083,2560,289792
read_sealed_full16,0,2,32,fetch_payloads,32,3828603,14624,2331776
read_sealed_full16,0,2,32,fold_series,0,0,0,0
read_sealed_full16,0,2,32,match_registry,32,1405450,7712,656992
read_sealed_full16,0,2,32,operation,32,84600618,262368,110351456
read_sealed_full16,0,2,32,parse_head,512,116963,1536,66048
read_sealed_full16,0,2,32,read_process,32,67462979,94304,84276224
read_sealed_full16,0,2,32,read_total,32,83361092,262240,110333376
read_sealed_full16,0,2,32,select_group,512,8214408,137664,21750752
read_sealed_full16,0,2,32,snapshot,32,15860427,167840,26039424
read_sealed_full16,0,3,32,aggregate_process,0,0,0,0
read_sealed_full16,0,3,32,aggregate_total,0,0,0,0
read_sealed_full16,0,3,32,decode_block,10240,43024914,92160,44830720
read_sealed_full16,0,3,32,decode_head_chunk,512,102307,512,13312
read_sealed_full16,0,3,32,fetch_group_rows,32,1117093,1632,653760
read_sealed_full16,0,3,32,fetch_heads,32,659727,2560,289792
read_sealed_full16,0,3,32,fetch_payloads,32,3769186,14624,2331776
read_sealed_full16,0,3,32,fold_series,0,0,0,0
read_sealed_full16,0,3,32,match_registry,32,1384478,7712,656992
read_sealed_full16,0,3,32,operation,32,76844308,262368,110351456
read_sealed_full16,0,3,32,parse_head,512,111932,1536,66048
read_sealed_full16,0,3,32,read_process,32,59597461,94304,84276224
read_sealed_full16,0,3,32,read_total,32,75746151,262240,110333376
read_sealed_full16,0,3,32,select_group,512,8704554,137664,21750752
read_sealed_full16,0,3,32,snapshot,32,16111344,167840,26039424
read_sealed_full16,15,3,32,aggregate_process,0,0,0,0
read_sealed_full16,15,3,32,aggregate_total,0,0,0,0
read_sealed_full16,15,3,32,decode_block,10240,37368949,71680,5242880
read_sealed_full16,15,3,32,decode_head_chunk,512,85251,0,0
read_sealed_full16,15,3,32,fetch_group_rows,32,1452800,1632,653760
read_sealed_full16,15,3,32,fetch_heads,32,765320,2048,297472
read_sealed_full16,15,3,32,fetch_payloads,32,3472597,14624,2331776
read_sealed_full16,15,3,32,fold_series,0,0,0,0
read_sealed_full16,15,3,32,match_registry,32,1405101,7712,656992
read_sealed_full16,15,3,32,operation,32,73555731,239840,70741600
read_sealed_full16,15,3,32,parse_head,512,157131,1024,73728
read_sealed_full16,15,3,32,read_process,32,54830515,72288,44658688
read_sealed_full16,15,3,32,read_total,32,72166154,239712,70723520
read_sealed_full16,15,3,32,select_group,512,9671749,137664,21750752
read_sealed_full16,15,3,32,snapshot,32,17298666,167328,26047104
read_wide64,0,1,32,aggregate_process,0,0,0,0
read_wide64,0,1,32,aggregate_total,0,0,0,0
read_wide64,0,1,32,decode_block,12288,56520570,110592,53796864
read_wide64,0,1,32,decode_head_chunk,2048,280178,2048,53248
read_wide64,0,1,32,fetch_group_rows,32,4360815,5152,1721984
read_wide64,0,1,32,fetch_heads,32,2284993,8960,1143808
read_wide64,0,1,32,fetch_payloads,32,4264841,17472,2539392
read_wide64,0,1,32,fold_series,0,0,0,0
read_wide64,0,1,32,match_registry,32,3394694,30112,2793888
read_wide64,0,1,32,operation,32,103787232,330528,127974336
read_wide64,0,1,32,parse_head,2048,405296,6144,264192
read_wide64,0,1,32,read_process,32,78251686,118944,101515264
read_wide64,0,1,32,read_total,32,102340242,330464,127973856
read_wide64,0,1,32,select_group,2048,8556910,135328,16834560
read_wide64,0,1,32,snapshot,32,24048882,211424,26440800
read_wide64,15,1,32,aggregate_process,0,0,0,0
read_wide64,15,1,32,aggregate_total,0,0,0,0
read_wide64,15,1,32,decode_block,12288,40542224,86016,6291456
read_wide64,15,1,32,decode_head_chunk,2048,181530,0,0
read_wide64,15,1,32,fetch_group_rows,32,3796920,5152,1721984
read_wide64,15,1,32,fetch_heads,32,2026052,6912,1174528
read_wide64,15,1,32,fetch_payloads,32,4059567,17472,2539392
read_wide64,15,1,32,fold_series,0,0,0,0
read_wide64,15,1,32,match_registry,32,3012358,30112,2793888
read_wide64,15,1,32,operation,32,83246613,297760,80380864
read_wide64,15,1,32,parse_head,2048,391796,4096,294912
read_wide64,15,1,32,read_process,32,61155731,88224,53891072
read_wide64,15,1,32,read_total,32,81791741,297696,80380384
read_wide64,15,1,32,select_group,2048,6665184,135328,16834560
read_wide64,15,1,32,snapshot,32,20602932,209376,26471520
read_wide64,15,2,32,aggregate_process,0,0,0,0
read_wide64,15,2,32,aggregate_total,0,0,0,0
read_wide64,15,2,32,decode_block,12288,41179004,86016,6291456
read_wide64,15,2,32,decode_head_chunk,2048,159806,0,0
read_wide64,15,2,32,fetch_group_rows,32,3515514,5152,1721984
read_wide64,15,2,32,fetch_heads,32,2177714,6912,1174528
read_wide64,15,2,32,fetch_payloads,32,3973191,17472,2539392
read_wide64,15,2,32,fold_series,0,0,0,0
read_wide64,15,2,32,match_registry,32,2954643,30112,2793888
read_wide64,15,2,32,operation,32,83450907,297760,80380864
read_wide64,15,2,32,parse_head,2048,387930,4096,294912
read_wide64,15,2,32,read_process,32,61805178,88224,53891072
read_wide64,15,2,32,read_total,32,82125091,297696,80380384
read_wide64,15,2,32,select_group,2048,6618545,135328,16834560
read_wide64,15,2,32,snapshot,32,20287626,209376,26471520
read_wide64,0,2,32,aggregate_process,0,0,0,0
read_wide64,0,2,32,aggregate_total,0,0,0,0
read_wide64,0,2,32,decode_block,12288,47380863,110592,53796864
read_wide64,0,2,32,decode_head_chunk,2048,187790,2048,53248
read_wide64,0,2,32,fetch_group_rows,32,3676693,5152,1721984
read_wide64,0,2,32,fetch_heads,32,2035369,8960,1143808
read_wide64,0,2,32,fetch_payloads,32,3914434,17472,2539392
read_wide64,0,2,32,fold_series,0,0,0,0
read_wide64,0,2,32,match_registry,32,3077336,30112,2793888
read_wide64,0,2,32,operation,32,89157042,330528,127974336
read_wide64,0,2,32,parse_head,2048,464554,6144,264192
read_wide64,0,2,32,read_process,32,67024582,118944,101515264
read_wide64,0,2,32,read_total,32,87768816,330464,127973856
read_wide64,0,2,32,select_group,2048,6781592,135328,16834560
read_wide64,0,2,32,snapshot,32,20710853,211424,26440800
read_wide64,0,3,32,aggregate_process,0,0,0,0
read_wide64,0,3,32,aggregate_total,0,0,0,0
read_wide64,0,3,32,decode_block,12288,52168800,110592,53796864
read_wide64,0,3,32,decode_head_chunk,2048,217934,2048,53248
read_wide64,0,3,32,fetch_group_rows,32,4145219,5152,1721984
read_wide64,0,3,32,fetch_heads,32,2236597,8960,1143808
read_wide64,0,3,32,fetch_payloads,32,4468495,17472,2539392
read_wide64,0,3,32,fold_series,0,0,0,0
read_wide64,0,3,32,match_registry,32,3375735,30112,2793888
read_wide64,0,3,32,operation,32,100139494,330528,127974336
read_wide64,0,3,32,parse_head,2048,405419,6144,264192
read_wide64,0,3,32,read_process,32,75571464,118944,101515264
read_wide64,0,3,32,read_total,32,98505921,330464,127973856
read_wide64,0,3,32,select_group,2048,7332254,135328,16834560
read_wide64,0,3,32,snapshot,32,22894507,211424,26440800
read_wide64,15,3,32,aggregate_process,0,0,0,0
read_wide64,15,3,32,aggregate_total,0,0,0,0
read_wide64,15,3,32,decode_block,12288,40546993,86016,6291456
read_wide64,15,3,32,decode_head_chunk,2048,174115,0,0
read_wide64,15,3,32,fetch_group_rows,32,4268397,5152,1721984
read_wide64,15,3,32,fetch_heads,32,2096331,6912,1174528
read_wide64,15,3,32,fetch_payloads,32,3900982,17472,2539392
read_wide64,15,3,32,fold_series,0,0,0,0
read_wide64,15,3,32,match_registry,32,3268983,30112,2793888
read_wide64,15,3,32,operation,32,85044626,297760,80380864
read_wide64,15,3,32,parse_head,2048,456723,4096,294912
read_wide64,15,3,32,read_process,32,61450054,88224,53891072
read_wide64,15,3,32,read_total,32,83545044,297696,80380384
read_wide64,15,3,32,select_group,2048,7427150,135328,16834560
read_wide64,15,3,32,snapshot,32,22061113,209376,26471520
stream_wide64,0,1,32,aggregate_process,0,0,0,0
stream_wide64,0,1,32,aggregate_total,0,0,0,0
stream_wide64,0,1,32,decode_block,12288,46278679,110592,53796864
stream_wide64,0,1,32,decode_head_chunk,2048,172220,2048,53248
stream_wide64,0,1,32,fetch_group_rows,32,3856567,5152,1721984
stream_wide64,0,1,32,fetch_heads,32,2198984,8960,1143808
stream_wide64,0,1,32,fetch_payloads,32,4274117,17472,2539392
stream_wide64,0,1,32,fold_series,0,0,0,0
stream_wide64,0,1,32,match_registry,32,3077716,30112,2793888
stream_wide64,0,1,32,operation,32,78326462,330368,127593408
stream_wide64,0,1,32,parse_head,2048,432106,6144,264192
stream_wide64,0,1,32,read_process,32,56979134,118784,101134336
stream_wide64,0,1,32,read_total,32,78304930,330304,127592928
stream_wide64,0,1,32,select_group,2048,6828964,135328,16834560
stream_wide64,0,1,32,snapshot,32,21299054,211424,26440800
stream_wide64,15,1,32,aggregate_process,0,0,0,0
stream_wide64,15,1,32,aggregate_total,0,0,0,0
stream_wide64,15,1,32,decode_block,12288,40491052,86016,6291456
stream_wide64,15,1,32,decode_head_chunk,2048,146570,0,0
stream_wide64,15,1,32,fetch_group_rows,32,3821106,5152,1721984
stream_wide64,15,1,32,fetch_heads,32,2124006,6912,1174528
stream_wide64,15,1,32,fetch_payloads,32,4025849,17472,2539392
stream_wide64,15,1,32,fold_series,0,0,0,0
stream_wide64,15,1,32,match_registry,32,2954503,30112,2793888
stream_wide64,15,1,32,operation,32,72480220,297600,79999936
stream_wide64,15,1,32,parse_head,2048,538887,4096,294912
stream_wide64,15,1,32,read_process,32,51553384,88064,53510144
stream_wide64,15,1,32,read_total,32,72457404,297536,79999456
stream_wide64,15,1,32,select_group,2048,6848148,135328,16834560
stream_wide64,15,1,32,snapshot,32,20877250,209376,26471520
stream_wide64,15,2,32,aggregate_process,0,0,0,0
stream_wide64,15,2,32,aggregate_total,0,0,0,0
stream_wide64,15,2,32,decode_block,12288,39640266,86016,6291456
stream_wide64,15,2,32,decode_head_chunk,2048,149578,0,0
stream_wide64,15,2,32,fetch_group_rows,32,3550206,5152,1721984
stream_wide64,15,2,32,fetch_heads,32,2063944,6912,1174528
stream_wide64,15,2,32,fetch_payloads,32,4152236,17472,2539392
stream_wide64,15,2,32,fold_series,0,0,0,0
stream_wide64,15,2,32,match_registry,32,3197496,30112,2793888
stream_wide64,15,2,32,operation,32,71698522,297600,79999936
stream_wide64,15,2,32,parse_head,2048,385702,4096,294912
stream_wide64,15,2,32,read_process,32,50973774,88064,53510144
stream_wide64,15,2,32,read_total,32,71676126,297536,79999456
stream_wide64,15,2,32,select_group,2048,6639887,135328,16834560
stream_wide64,15,2,32,snapshot,32,20675716,209376,26471520
stream_wide64,0,2,32,aggregate_process,0,0,0,0
stream_wide64,0,2,32,aggregate_total,0,0,0,0
stream_wide64,0,2,32,decode_block,12288,47252113,110592,53796864
stream_wide64,0,2,32,decode_head_chunk,2048,252144,2048,53248
stream_wide64,0,2,32,fetch_group_rows,32,3611114,5152,1721984
stream_wide64,0,2,32,fetch_heads,32,2183513,8960,1143808
stream_wide64,0,2,32,fetch_payloads,32,4331141,17472,2539392
stream_wide64,0,2,32,fold_series,0,0,0,0
stream_wide64,0,2,32,match_registry,32,3202019,30112,2793888
stream_wide64,0,2,32,operation,32,79254095,330368,127593408
stream_wide64,0,2,32,parse_head,2048,665065,6144,264192
stream_wide64,0,2,32,read_process,32,57998549,118784,101134336
stream_wide64,0,2,32,read_total,32,79230334,330304,127592928
stream_wide64,0,2,32,select_group,2048,6535130,135328,16834560
stream_wide64,0,2,32,snapshot,32,21204037,211424,26440800
stream_wide64,0,3,32,aggregate_process,0,0,0,0
stream_wide64,0,3,32,aggregate_total,0,0,0,0
stream_wide64,0,3,32,decode_block,12288,46419044,110592,53796864
stream_wide64,0,3,32,decode_head_chunk,2048,350393,2048,53248
stream_wide64,0,3,32,fetch_group_rows,32,4111576,5152,1721984
stream_wide64,0,3,32,fetch_heads,32,3057447,8960,1143808
stream_wide64,0,3,32,fetch_payloads,32,4604889,17472,2539392
stream_wide64,0,3,32,fold_series,0,0,0,0
stream_wide64,0,3,32,match_registry,32,2927461,30112,2793888
stream_wide64,0,3,32,operation,32,80212851,330368,127593408
stream_wide64,0,3,32,parse_head,2048,402647,6144,264192
stream_wide64,0,3,32,read_process,32,57650191,118784,101134336
stream_wide64,0,3,32,read_total,32,80191551,330304,127592928
stream_wide64,0,3,32,select_group,2048,6754346,135328,16834560
stream_wide64,0,3,32,snapshot,32,22515334,211424,26440800
stream_wide64,15,3,32,aggregate_process,0,0,0,0
stream_wide64,15,3,32,aggregate_total,0,0,0,0
stream_wide64,15,3,32,decode_block,12288,39835464,86016,6291456
stream_wide64,15,3,32,decode_head_chunk,2048,144952,0,0
stream_wide64,15,3,32,fetch_group_rows,32,3707841,5152,1721984
stream_wide64,15,3,32,fetch_heads,32,1908966,6912,1174528
stream_wide64,15,3,32,fetch_payloads,32,3998148,17472,2539392
stream_wide64,15,3,32,fold_series,0,0,0,0
stream_wide64,15,3,32,match_registry,32,3349096,30112,2793888
stream_wide64,15,3,32,operation,32,71306946,297600,79999936
stream_wide64,15,3,32,parse_head,2048,385799,4096,294912
stream_wide64,15,3,32,read_process,32,50946482,88064,53510144
stream_wide64,15,3,32,read_total,32,71285616,297536,79999456
stream_wide64,15,3,32,select_group,2048,6253375,135328,16834560
stream_wide64,15,3,32,snapshot,32,20313452,209376,26471520
aggregate_sum,0,1,32,aggregate_process,32,1307086,23968,1660384
aggregate_sum,0,1,32,aggregate_total,32,6087269,86400,13053472
aggregate_sum,0,1,32,decode_block,0,0,0,0
aggregate_sum,0,1,32,decode_head_chunk,256,20755,256,6656
aggregate_sum,0,1,32,fetch_group_rows,256,311952,768,301312
aggregate_sum,0,1,32,fetch_heads,256,281445,1280,90112
aggregate_sum,0,1,32,fetch_payloads,0,0,0,0
aggregate_sum,0,1,32,fold_series,256,994802,20064,1439712
aggregate_sum,0,1,32,match_registry,32,551334,4512,377728
aggregate_sum,0,1,32,operation,32,6122203,86464,13053920
aggregate_sum,0,1,32,parse_head,256,54018,768,33024
aggregate_sum,0,1,32,read_process,0,0,0,0
aggregate_sum,0,1,32,read_total,0,0,0,0
aggregate_sum,0,1,32,select_group,256,3433234,53920,10428000
aggregate_sum,0,1,32,snapshot,32,4767406,62336,11375072
aggregate_sum,15,1,32,aggregate_process,32,1220447,23200,1645536
aggregate_sum,15,1,32,aggregate_total,32,6119512,85376,13042464
aggregate_sum,15,1,32,decode_block,0,0,0,0
aggregate_sum,15,1,32,decode_head_chunk,256,20634,0,0
aggregate_sum,15,1,32,fetch_group_rows,256,316372,768,301312
aggregate_sum,15,1,32,fetch_heads,256,401879,1024,93952
aggregate_sum,15,1,32,fetch_payloads,0,0,0,0
aggregate_sum,15,1,32,fold_series,256,912832,19296,1424864
aggregate_sum,15,1,32,match_registry,32,589028,4512,377728
aggregate_sum,15,1,32,operation,32,6198836,85440,13042912
aggregate_sum,15,1,32,parse_head,256,53813,512,36864
aggregate_sum,15,1,32,read_process,0,0,0,0
aggregate_sum,15,1,32,read_total,0,0,0,0
aggregate_sum,15,1,32,select_group,256,3394249,53920,10428000
aggregate_sum,15,1,32,snapshot,32,4884921,62080,11378912
aggregate_sum,15,2,32,aggregate_process,32,1267404,23200,1645536
aggregate_sum,15,2,32,aggregate_total,32,5993720,85376,13042464
aggregate_sum,15,2,32,decode_block,0,0,0,0
aggregate_sum,15,2,32,decode_head_chunk,256,19892,0,0
aggregate_sum,15,2,32,fetch_group_rows,256,318569,768,301312
aggregate_sum,15,2,32,fetch_heads,256,277875,1024,93952
aggregate_sum,15,2,32,fetch_payloads,0,0,0,0
aggregate_sum,15,2,32,fold_series,256,938527,19296,1424864
aggregate_sum,15,2,32,match_registry,32,570511,4512,377728
aggregate_sum,15,2,32,operation,32,6030645,85440,13042912
aggregate_sum,15,2,32,parse_head,256,53638,512,36864
aggregate_sum,15,2,32,read_process,0,0,0,0
aggregate_sum,15,2,32,read_total,0,0,0,0
aggregate_sum,15,2,32,select_group,256,3332862,53920,10428000
aggregate_sum,15,2,32,snapshot,32,4713415,62080,11378912
aggregate_sum,0,2,32,aggregate_process,32,1278863,23968,1660384
aggregate_sum,0,2,32,aggregate_total,32,8032274,86400,13053472
aggregate_sum,0,2,32,decode_block,0,0,0,0
aggregate_sum,0,2,32,decode_head_chunk,256,23523,256,6656
aggregate_sum,0,2,32,fetch_group_rows,256,321640,768,301312
aggregate_sum,0,2,32,fetch_heads,256,286448,1280,90112
aggregate_sum,0,2,32,fetch_payloads,0,0,0,0
aggregate_sum,0,2,32,fold_series,256,949119,20064,1439712
aggregate_sum,0,2,32,match_registry,32,633017,4512,377728
aggregate_sum,0,2,32,operation,32,8119877,86464,13053920
aggregate_sum,0,2,32,parse_head,256,56578,768,33024
aggregate_sum,0,2,32,read_process,0,0,0,0
aggregate_sum,0,2,32,read_total,0,0,0,0
aggregate_sum,0,2,32,select_group,256,5278373,53920,10428000
aggregate_sum,0,2,32,snapshot,32,6722920,62336,11375072
aggregate_sum,0,3,32,aggregate_process,32,1397036,23968,1660384
aggregate_sum,0,3,32,aggregate_total,32,7385518,86400,13053472
aggregate_sum,0,3,32,decode_block,0,0,0,0
aggregate_sum,0,3,32,decode_head_chunk,256,22885,256,6656
aggregate_sum,0,3,32,fetch_group_rows,256,364425,768,301312
aggregate_sum,0,3,32,fetch_heads,256,301475,1280,90112
aggregate_sum,0,3,32,fetch_payloads,0,0,0,0
aggregate_sum,0,3,32,fold_series,256,1075472,20064,1439712
aggregate_sum,0,3,32,match_registry,32,682852,4512,377728
aggregate_sum,0,3,32,operation,32,7423748,86464,13053920
aggregate_sum,0,3,32,parse_head,256,54875,768,33024
aggregate_sum,0,3,32,read_process,0,0,0,0
aggregate_sum,0,3,32,read_total,0,0,0,0
aggregate_sum,0,3,32,select_group,256,4425770,53920,10428000
aggregate_sum,0,3,32,snapshot,32,5973310,62336,11375072
aggregate_sum,15,3,32,aggregate_process,32,1326162,23200,1645536
aggregate_sum,15,3,32,aggregate_total,32,7344338,85376,13042464
aggregate_sum,15,3,32,decode_block,0,0,0,0
aggregate_sum,15,3,32,decode_head_chunk,256,19984,0,0
aggregate_sum,15,3,32,fetch_group_rows,256,478581,768,301312
aggregate_sum,15,3,32,fetch_heads,256,637003,1024,93952
aggregate_sum,15,3,32,fetch_payloads,0,0,0,0
aggregate_sum,15,3,32,fold_series,256,942609,19296,1424864
aggregate_sum,15,3,32,match_registry,32,589831,4512,377728
aggregate_sum,15,3,32,operation,32,7381835,85440,13042912
aggregate_sum,15,3,32,parse_head,256,98715,512,36864
aggregate_sum,15,3,32,read_process,0,0,0,0
aggregate_sum,15,3,32,read_total,0,0,0,0
aggregate_sum,15,3,32,select_group,256,3857473,53920,10428000
aggregate_sum,15,3,32,snapshot,32,6004106,62080,11378912
aggregate_count,0,1,32,aggregate_process,32,502350,4928,284672
aggregate_count,0,1,32,aggregate_total,32,5545352,67360,11677760
aggregate_count,0,1,32,decode_block,0,0,0,0
aggregate_count,0,1,32,decode_head_chunk,256,45948,256,6656
aggregate_count,0,1,32,fetch_group_rows,256,336493,768,301312
aggregate_count,0,1,32,fetch_heads,256,272834,1280,90112
aggregate_count,0,1,32,fetch_payloads,0,0,0,0
aggregate_count,0,1,32,fold_series,256,142476,1024,64000
aggregate_count,0,1,32,match_registry,32,974993,4512,377728
aggregate_count,0,1,32,operation,32,5720007,67424,11678272
aggregate_count,0,1,32,parse_head,256,53322,768,33024
aggregate_count,0,1,32,read_process,0,0,0,0
aggregate_count,0,1,32,read_total,0,0,0,0
aggregate_count,0,1,32,select_group,256,3262378,53920,10428000
aggregate_count,0,1,32,snapshot,32,5030898,62336,11375072
aggregate_count,15,1,32,aggregate_process,32,591068,4160,269824
aggregate_count,15,1,32,aggregate_total,32,6251053,66336,11666752
aggregate_count,15,1,32,decode_block,0,0,0,0
aggregate_count,15,1,32,decode_head_chunk,256,22829,0,0
aggregate_count,15,1,32,fetch_group_rows,256,423972,768,301312
aggregate_count,15,1,32,fetch_heads,256,299685,1024,93952
aggregate_count,15,1,32,fetch_payloads,0,0,0,0
aggregate_count,15,1,32,fold_series,256,147083,256,49152
aggregate_count,15,1,32,match_registry,32,602210,4512,377728
aggregate_count,15,1,32,operation,32,6285592,66400,11667264
aggregate_count,15,1,32,parse_head,256,55496,512,36864
aggregate_count,15,1,32,read_process,0,0,0,0
aggregate_count,15,1,32,read_total,0,0,0,0
aggregate_count,15,1,32,select_group,256,4122628,53920,10428000
aggregate_count,15,1,32,snapshot,32,5646385,62080,11378912
aggregate_count,15,2,32,aggregate_process,32,400903,4160,269824
aggregate_count,15,2,32,aggregate_total,32,5637657,66336,11666752
aggregate_count,15,2,32,decode_block,0,0,0,0
aggregate_count,15,2,32,decode_head_chunk,256,18814,0,0
aggregate_count,15,2,32,fetch_group_rows,256,341856,768,301312
aggregate_count,15,2,32,fetch_heads,256,392985,1024,93952
aggregate_count,15,2,32,fetch_payloads,0,0,0,0
aggregate_count,15,2,32,fold_series,256,74151,256,49152
aggregate_count,15,2,32,match_registry,32,576063,4512,377728
aggregate_count,15,2,32,operation,32,5669960,66400,11667264
aggregate_count,15,2,32,parse_head,256,54010,512,36864
aggregate_count,15,2,32,read_process,0,0,0,0
aggregate_count,15,2,32,read_total,0,0,0,0
aggregate_count,15,2,32,select_group,256,3728404,53920,10428000
aggregate_count,15,2,32,snapshot,32,5224552,62080,11378912
aggregate_count,0,2,32,aggregate_process,32,415236,4928,284672
aggregate_count,0,2,32,aggregate_total,32,4996082,67360,11677760
aggregate_count,0,2,32,decode_block,0,0,0,0
aggregate_count,0,2,32,decode_head_chunk,256,20526,256,6656
aggregate_count,0,2,32,fetch_group_rows,256,307773,768,301312
aggregate_count,0,2,32,fetch_heads,256,268947,1280,90112
aggregate_count,0,2,32,fetch_payloads,0,0,0,0
aggregate_count,0,2,32,fold_series,256,109236,1024,64000
aggregate_count,0,2,32,match_registry,32,644056,4512,377728
aggregate_count,0,2,32,operation,32,5025668,67424,11678272
aggregate_count,0,2,32,parse_head,256,55337,768,33024
aggregate_count,0,2,32,read_process,0,0,0,0
aggregate_count,0,2,32,read_total,0,0,0,0
aggregate_count,0,2,32,select_group,256,3180378,53920,10428000
aggregate_count,0,2,32,snapshot,32,4570371,62336,11375072
aggregate_count,0,3,32,aggregate_process,32,415572,4928,284672
aggregate_count,0,3,32,aggregate_total,32,5065323,67360,11677760
aggregate_count,0,3,32,decode_block,0,0,0,0
aggregate_count,0,3,32,decode_head_chunk,256,21043,256,6656
aggregate_count,0,3,32,fetch_group_rows,256,305570,768,301312
aggregate_count,0,3,32,fetch_heads,256,268827,1280,90112
aggregate_count,0,3,32,fetch_payloads,0,0,0,0
aggregate_count,0,3,32,fold_series,256,112544,1024,64000
aggregate_count,0,3,32,match_registry,32,599246,4512,377728
aggregate_count,0,3,32,operation,32,5094911,67424,11678272
aggregate_count,0,3,32,parse_head,256,53088,768,33024
aggregate_count,0,3,32,read_process,0,0,0,0
aggregate_count,0,3,32,read_total,0,0,0,0
aggregate_count,0,3,32,select_group,256,3294422,53920,10428000
aggregate_count,0,3,32,snapshot,32,4638878,62336,11375072
aggregate_count,15,3,32,aggregate_process,32,426722,4160,269824
aggregate_count,15,3,32,aggregate_total,32,5179634,66336,11666752
aggregate_count,15,3,32,decode_block,0,0,0,0
aggregate_count,15,3,32,decode_head_chunk,256,18553,0,0
aggregate_count,15,3,32,fetch_group_rows,256,315789,768,301312
aggregate_count,15,3,32,fetch_heads,256,305093,1024,93952
aggregate_count,15,3,32,fetch_payloads,0,0,0,0
aggregate_count,15,3,32,fold_series,256,71622,256,49152
aggregate_count,15,3,32,match_registry,32,551312,4512,377728
aggregate_count,15,3,32,operation,32,5210905,66400,11667264
aggregate_count,15,3,32,parse_head,256,52647,512,36864
aggregate_count,15,3,32,read_process,0,0,0,0
aggregate_count,15,3,32,read_total,0,0,0,0
aggregate_count,15,3,32,select_group,256,3396466,53920,10428000
aggregate_count,15,3,32,snapshot,32,4742118,62080,11378912
aggregate_cut_sum,0,1,32,aggregate_process,32,19471397,70752,16633312
aggregate_cut_sum,0,1,32,aggregate_total,32,25851522,138304,28433440
aggregate_cut_sum,0,1,32,decode_block,2560,9711709,23040,11207680
aggregate_cut_sum,0,1,32,decode_head_chunk,256,50672,256,6656
aggregate_cut_sum,0,1,32,fetch_group_rows,256,415555,768,301312
aggregate_cut_sum,0,1,32,fetch_heads,256,263772,1280,90112
aggregate_cut_sum,0,1,32,fetch_payloads,0,0,0,0
aggregate_cut_sum,0,1,32,fold_series,256,19180910,66848,16412640
aggregate_cut_sum,0,1,32,match_registry,32,726813,4512,377728
aggregate_cut_sum,0,1,32,operation,32,25899735,138400,28434112
aggregate_cut_sum,0,1,32,parse_head,256,56081,768,33024
aggregate_cut_sum,0,1,32,read_process,0,0,0,0
aggregate_cut_sum,0,1,32,read_total,0,0,0,0
aggregate_cut_sum,0,1,32,select_group,256,4724827,59040,10835040
aggregate_cut_sum,0,1,32,snapshot,32,6364529,67456,11782112
aggregate_cut_sum,15,1,32,aggregate_process,32,15184581,64864,6721504
aggregate_cut_sum,15,1,32,aggregate_total,32,21122258,132160,18525472
aggregate_cut_sum,15,1,32,decode_block,2560,8077219,17920,1310720
aggregate_cut_sum,15,1,32,decode_head_chunk,256,34356,0,0
aggregate_cut_sum,15,1,32,fetch_group_rows,256,339655,768,301312
aggregate_cut_sum,15,1,32,fetch_heads,256,269169,1024,93952
aggregate_cut_sum,15,1,32,fetch_payloads,0,0,0,0
aggregate_cut_sum,15,1,32,fold_series,256,14795380,60960,6500832
aggregate_cut_sum,15,1,32,match_registry,32,618936,4512,377728
aggregate_cut_sum,15,1,32,operation,32,21177014,132256,18526144
aggregate_cut_sum,15,1,32,parse_head,256,62510,512,36864
aggregate_cut_sum,15,1,32,read_process,0,0,0,0
aggregate_cut_sum,15,1,32,read_total,0,0,0,0
aggregate_cut_sum,15,1,32,select_group,256,4499210,59040,10835040
aggregate_cut_sum,15,1,32,snapshot,32,5922229,67200,11785952
aggregate_cut_sum,15,2,32,aggregate_process,32,16393953,64864,6721504
aggregate_cut_sum,15,2,32,aggregate_total,32,24136898,132160,18525472
aggregate_cut_sum,15,2,32,decode_block,2560,9024038,17920,1310720
aggregate_cut_sum,15,2,32,decode_head_chunk,256,33180,0,0
aggregate_cut_sum,15,2,32,fetch_group_rows,256,352846,768,301312
aggregate_cut_sum,15,2,32,fetch_heads,256,282115,1024,93952
aggregate_cut_sum,15,2,32,fetch_payloads,0,0,0,0
aggregate_cut_sum,15,2,32,fold_series,256,15989033,60960,6500832
aggregate_cut_sum,15,2,32,match_registry,32,825338,4512,377728
aggregate_cut_sum,15,2,32,operation,32,24198997,132256,18526144
aggregate_cut_sum,15,2,32,parse_head,256,63177,512,36864
aggregate_cut_sum,15,2,32,read_process,0,0,0,0
aggregate_cut_sum,15,2,32,read_total,0,0,0,0
aggregate_cut_sum,15,2,32,select_group,256,5997303,59040,10835040
aggregate_cut_sum,15,2,32,snapshot,32,7724311,67200,11785952
aggregate_cut_sum,0,2,32,aggregate_process,32,20428957,70752,16633312
aggregate_cut_sum,0,2,32,aggregate_total,32,26867899,138304,28433440
aggregate_cut_sum,0,2,32,decode_block,2560,9932552,23040,11207680
aggregate_cut_sum,0,2,32,decode_head_chunk,256,32307,256,6656
aggregate_cut_sum,0,2,32,fetch_group_rows,256,334679,768,301312
aggregate_cut_sum,0,2,32,fetch_heads,256,270082,1280,90112
aggregate_cut_sum,0,2,32,fetch_payloads,0,0,0,0
aggregate_cut_sum,0,2,32,fold_series,256,20149427,66848,16412640
aggregate_cut_sum,0,2,32,match_registry,32,752532,4512,377728
aggregate_cut_sum,0,2,32,operation,32,26920196,138400,28434112
aggregate_cut_sum,0,2,32,parse_head,256,56996,768,33024
aggregate_cut_sum,0,2,32,read_process,0,0,0,0
aggregate_cut_sum,0,2,32,read_total,0,0,0,0
aggregate_cut_sum,0,2,32,select_group,256,4833184,59040,10835040
aggregate_cut_sum,0,2,32,snapshot,32,6420319,67456,11782112
aggregate_cut_sum,0,3,32,aggregate_process,32,21161997,70752,16633312
aggregate_cut_sum,0,3,32,aggregate_total,32,29313266,138304,28433440
aggregate_cut_sum,0,3,32,decode_block,2560,10106503,23040,11207680
aggregate_cut_sum,0,3,32,decode_head_chunk,256,33435,256,6656
aggregate_cut_sum,0,3,32,fetch_group_rows,256,354616,768,301312
aggregate_cut_sum,0,3,32,fetch_heads,256,282811,1280,90112
aggregate_cut_sum,0,3,32,fetch_payloads,0,0,0,0
aggregate_cut_sum,0,3,32,fold_series,256,20804862,66848,16412640
aggregate_cut_sum,0,3,32,match_registry,32,831900,4512,377728
aggregate_cut_sum,0,3,32,operation,32,29368337,138400,28434112
aggregate_cut_sum,0,3,32,parse_head,256,59983,768,33024
aggregate_cut_sum,0,3,32,read_process,0,0,0,0
aggregate_cut_sum,0,3,32,read_total,0,0,0,0
aggregate_cut_sum,0,3,32,select_group,256,6208990,59040,10835040
aggregate_cut_sum,0,3,32,snapshot,32,8130516,67456,11782112
aggregate_cut_sum,15,3,32,aggregate_process,32,15584633,64864,6721504
aggregate_cut_sum,15,3,32,aggregate_total,32,22054130,132160,18525472
aggregate_cut_sum,15,3,32,decode_block,2560,8398084,17920,1310720
aggregate_cut_sum,15,3,32,decode_head_chunk,256,33511,0,0
aggregate_cut_sum,15,3,32,fetch_group_rows,256,331189,768,301312
aggregate_cut_sum,15,3,32,fetch_heads,256,348290,1024,93952
aggregate_cut_sum,15,3,32,fetch_payloads,0,0,0,0
aggregate_cut_sum,15,3,32,fold_series,256,15203134,60960,6500832
aggregate_cut_sum,15,3,32,match_registry,32,730660,4512,377728
aggregate_cut_sum,15,3,32,operation,32,22109173,132256,18526144
aggregate_cut_sum,15,3,32,parse_head,256,64595,512,36864
aggregate_cut_sum,15,3,32,read_process,0,0,0,0
aggregate_cut_sum,15,3,32,read_total,0,0,0,0
aggregate_cut_sum,15,3,32,select_group,256,4771936,59040,10835040
aggregate_cut_sum,15,3,32,snapshot,32,6452483,67200,11785952
aggregate_wide_cut_sum,0,1,32,aggregate_process,32,51998659,195392,40844736
aggregate_wide_cut_sum,0,1,32,aggregate_total,32,71718214,399392,66152864
aggregate_wide_cut_sum,0,1,32,decode_block,6144,24418055,55296,26898432
aggregate_wide_cut_sum,0,1,32,decode_head_chunk,2048,218231,2048,53248
aggregate_wide_cut_sum,0,1,32,fetch_group_rows,32,3647572,5152,1721984
aggregate_wide_cut_sum,0,1,32,fetch_heads,32,2015377,8960,1143808
aggregate_wide_cut_sum,0,1,32,fetch_payloads,32,3055346,9952,1388928
aggregate_wide_cut_sum,0,1,32,fold_series,2048,49945523,164832,39040768
aggregate_wide_cut_sum,0,1,32,match_registry,32,3384337,30112,2793888
aggregate_wide_cut_sum,0,1,32,operation,32,71951011,399584,66154400
aggregate_wide_cut_sum,0,1,32,parse_head,2048,431905,6144,264192
aggregate_wide_cut_sum,0,1,32,read_process,0,0,0,0
aggregate_wide_cut_sum,0,1,32,read_total,0,0,0,0
aggregate_wide_cut_sum,0,1,32,select_group,2048,6637644,135328,16834560
aggregate_wide_cut_sum,0,1,32,snapshot,32,19692008,203904,25290336
aggregate_wide_cut_sum,15,1,32,aggregate_process,32,38398619,176960,16973248
aggregate_wide_cut_sum,15,1,32,aggregate_total,32,57597567,378912,42312096
aggregate_wide_cut_sum,15,1,32,decode_block,6144,19853451,43008,3145728
aggregate_wide_cut_sum,15,1,32,decode_head_chunk,2048,146337,0,0
aggregate_wide_cut_sum,15,1,32,fetch_group_rows,32,3531836,5152,1721984
aggregate_wide_cut_sum,15,1,32,fetch_heads,32,2133078,6912,1174528
aggregate_wide_cut_sum,15,1,32,fetch_payloads,32,2835806,9952,1388928
aggregate_wide_cut_sum,15,1,32,fold_series,2048,36736885,146400,15169280
aggregate_wide_cut_sum,15,1,32,match_registry,32,3331344,30112,2793888
aggregate_wide_cut_sum,15,1,32,operation,32,57816031,379104,42313632
aggregate_wide_cut_sum,15,1,32,parse_head,2048,401347,4096,294912
aggregate_wide_cut_sum,15,1,32,read_process,0,0,0,0
aggregate_wide_cut_sum,15,1,32,read_total,0,0,0,0
aggregate_wide_cut_sum,15,1,32,select_group,2048,6399260,135328,16834560
aggregate_wide_cut_sum,15,1,32,snapshot,32,19173886,201856,25321056
aggregate_wide_cut_sum,15,2,32,aggregate_process,32,40811693,176960,16973248
aggregate_wide_cut_sum,15,2,32,aggregate_total,32,61556849,378912,42312096
aggregate_wide_cut_sum,15,2,32,decode_block,6144,20832011,43008,3145728
aggregate_wide_cut_sum,15,2,32,decode_head_chunk,2048,155910,0,0
aggregate_wide_cut_sum,15,2,32,fetch_group_rows,32,3789348,5152,1721984
aggregate_wide_cut_sum,15,2,32,fetch_heads,32,1993134,6912,1174528
aggregate_wide_cut_sum,15,2,32,fetch_payloads,32,2760202,9952,1388928
aggregate_wide_cut_sum,15,2,32,fold_series,2048,39012000,146400,15169280
aggregate_wide_cut_sum,15,2,32,match_registry,32,4356976,30112,2793888
aggregate_wide_cut_sum,15,2,32,operation,32,61775855,379104,42313632
aggregate_wide_cut_sum,15,2,32,parse_head,2048,387247,4096,294912
aggregate_wide_cut_sum,15,2,32,read_process,0,0,0,0
aggregate_wide_cut_sum,15,2,32,read_total,0,0,0,0
aggregate_wide_cut_sum,15,2,32,select_group,2048,6769438,135328,16834560
aggregate_wide_cut_sum,15,2,32,snapshot,32,20718936,201856,25321056
aggregate_wide_cut_sum,0,2,32,aggregate_process,32,50166038,195392,40844736
aggregate_wide_cut_sum,0,2,32,aggregate_total,32,70175525,399392,66152864
aggregate_wide_cut_sum,0,2,32,decode_block,6144,24466033,55296,26898432
aggregate_wide_cut_sum,0,2,32,decode_head_chunk,2048,251083,2048,53248
aggregate_wide_cut_sum,0,2,32,fetch_group_rows,32,3721229,5152,1721984
aggregate_wide_cut_sum,0,2,32,fetch_heads,32,1997884,8960,1143808
aggregate_wide_cut_sum,0,2,32,fetch_payloads,32,2775405,9952,1388928
aggregate_wide_cut_sum,0,2,32,fold_series,2048,48893101,164832,39040768
aggregate_wide_cut_sum,0,2,32,match_registry,32,3733674,30112,2793888
aggregate_wide_cut_sum,0,2,32,operation,32,70526426,399584,66154400
aggregate_wide_cut_sum,0,2,32,parse_head,2048,448238,6144,264192
aggregate_wide_cut_sum,0,2,32,read_process,0,0,0,0
aggregate_wide_cut_sum,0,2,32,read_total,0,0,0,0
aggregate_wide_cut_sum,0,2,32,select_group,2048,6731783,135328,16834560
aggregate_wide_cut_sum,0,2,32,snapshot,32,19983569,203904,25290336
aggregate_wide_cut_sum,0,3,32,aggregate_process,32,51792292,195392,40844736
aggregate_wide_cut_sum,0,3,32,aggregate_total,32,72627522,399392,66152864
aggregate_wide_cut_sum,0,3,32,decode_block,6144,25702073,55296,26898432
aggregate_wide_cut_sum,0,3,32,decode_head_chunk,2048,191915,2048,53248
aggregate_wide_cut_sum,0,3,32,fetch_group_rows,32,3527501,5152,1721984
aggregate_wide_cut_sum,0,3,32,fetch_heads,32,1920415,8960,1143808
aggregate_wide_cut_sum,0,3,32,fetch_payloads,32,3032015,9952,1388928
aggregate_wide_cut_sum,0,3,32,fold_series,2048,50462325,164832,39040768
aggregate_wide_cut_sum,0,3,32,match_registry,32,4760922,30112,2793888
aggregate_wide_cut_sum,0,3,32,operation,32,72858845,399584,66154400
aggregate_wide_cut_sum,0,3,32,parse_head,2048,392963,6144,264192
aggregate_wide_cut_sum,0,3,32,read_process,0,0,0,0
aggregate_wide_cut_sum,0,3,32,read_total,0,0,0,0
aggregate_wide_cut_sum,0,3,32,select_group,2048,6592110,135328,16834560
aggregate_wide_cut_sum,0,3,32,snapshot,32,20807026,203904,25290336
aggregate_wide_cut_sum,15,3,32,aggregate_process,32,43845333,176960,16973248
aggregate_wide_cut_sum,15,3,32,aggregate_total,32,67428575,378912,42312096
aggregate_wide_cut_sum,15,3,32,decode_block,6144,22595190,43008,3145728
aggregate_wide_cut_sum,15,3,32,decode_head_chunk,2048,157196,0,0
aggregate_wide_cut_sum,15,3,32,fetch_group_rows,32,4248625,5152,1721984
aggregate_wide_cut_sum,15,3,32,fetch_heads,32,2072044,6912,1174528
aggregate_wide_cut_sum,15,3,32,fetch_payloads,32,3042285,9952,1388928
aggregate_wide_cut_sum,15,3,32,fold_series,2048,41967095,146400,15169280
aggregate_wide_cut_sum,15,3,32,match_registry,32,4590101,30112,2793888
aggregate_wide_cut_sum,15,3,32,operation,32,67722946,379104,42313632
aggregate_wide_cut_sum,15,3,32,parse_head,2048,434004,4096,294912
aggregate_wide_cut_sum,15,3,32,read_process,0,0,0,0
aggregate_wide_cut_sum,15,3,32,read_total,0,0,0,0
aggregate_wide_cut_sum,15,3,32,select_group,2048,8366645,135328,16834560
aggregate_wide_cut_sum,15,3,32,snapshot,32,23553790,201856,25321056
read_edge,0,1,32,aggregate_process,0,0,0,0
read_edge,0,1,32,aggregate_total,0,0,0,0
read_edge,0,1,32,decode_block,768,3514438,4544,8554016
read_edge,0,1,32,decode_head_chunk,384,31651,384,9984
read_edge,0,1,32,fetch_group_rows,384,485112,1152,262880
read_edge,0,1,32,fetch_heads,384,395948,1920,135168
read_edge,0,1,32,fetch_payloads,0,0,0,0
read_edge,0,1,32,fold_series,0,0,0,0
read_edge,0,1,32,match_registry,32,812133,6528,622016
read_edge,0,1,32,operation,32,7522083,28800,15615968
read_edge,0,1,32,parse_head,384,87190,1152,49536
read_edge,0,1,32,read_process,32,4224046,6176,11617568
read_edge,0,1,32,read_total,32,7440596,28672,15597920
read_edge,0,1,32,select_group,384,1248961,10048,2678656
read_edge,0,1,32,snapshot,32,3201078,22400,3962656
read_edge,15,1,32,aggregate_process,0,0,0,0
read_edge,15,1,32,aggregate_total,0,0,0,0
read_edge,15,1,32,decode_block,768,2827661,2624,1916576
read_edge,15,1,32,decode_head_chunk,384,27189,0,0
read_edge,15,1,32,fetch_group_rows,384,458902,1152,262880
read_edge,15,1,32,fetch_heads,384,369815,1536,140928
read_edge,15,1,32,fetch_payloads,0,0,0,0
read_edge,15,1,32,fold_series,0,0,0,0
read_edge,15,1,32,match_registry,32,788746,6528,622016
read_edge,15,1,32,operation,32,6510484,25344,8962016
read_edge,15,1,32,parse_head,384,80454,768,55296
read_edge,15,1,32,read_process,32,3589672,3104,4957856
read_edge,15,1,32,read_total,32,6435949,25216,8943968
read_edge,15,1,32,select_group,384,951050,10048,2678656
read_edge,15,1,32,snapshot,32,2831732,22016,3968416
read_edge,15,2,32,aggregate_process,0,0,0,0
read_edge,15,2,32,aggregate_total,0,0,0,0
read_edge,15,2,32,decode_block,768,2560970,2624,1916576
read_edge,15,2,32,decode_head_chunk,384,25604,0,0
read_edge,15,2,32,fetch_group_rows,384,407440,1152,262880
read_edge,15,2,32,fetch_heads,384,365735,1536,140928
read_edge,15,2,32,fetch_payloads,0,0,0,0
read_edge,15,2,32,fold_series,0,0,0,0
read_edge,15,2,32,match_registry,32,733235,6528,622016
read_edge,15,2,32,operation,32,6111565,25344,8962016
read_edge,15,2,32,parse_head,384,80601,768,55296
read_edge,15,2,32,read_process,32,3263013,3104,4957856
read_edge,15,2,32,read_total,32,6035352,25216,8943968
read_edge,15,2,32,select_group,384,941658,10048,2678656
read_edge,15,2,32,snapshot,32,2758603,22016,3968416
read_edge,0,2,32,aggregate_process,0,0,0,0
read_edge,0,2,32,aggregate_total,0,0,0,0
read_edge,0,2,32,decode_block,768,3385683,4544,8554016
read_edge,0,2,32,decode_head_chunk,384,29452,384,9984
read_edge,0,2,32,fetch_group_rows,384,438036,1152,262880
read_edge,0,2,32,fetch_heads,384,424739,1920,135168
read_edge,0,2,32,fetch_payloads,0,0,0,0
read_edge,0,2,32,fold_series,0,0,0,0
read_edge,0,2,32,match_registry,32,758703,6528,622016
read_edge,0,2,32,operation,32,7077804,28800,15615968
read_edge,0,2,32,parse_head,384,131086,1152,49536
read_edge,0,2,32,read_process,32,4196163,6176,11617568
read_edge,0,2,32,read_total,32,7001441,28672,15597920
read_edge,0,2,32,select_group,384,935983,10048,2678656
read_edge,0,2,32,snapshot,32,2791331,22400,3962656
read_edge,0,3,32,aggregate_process,0,0,0,0
read_edge,0,3,32,aggregate_total,0,0,0,0
read_edge,0,3,32,decode_block,768,3299386,4544,8554016
read_edge,0,3,32,decode_head_chunk,384,30868,384,9984
read_edge,0,3,32,fetch_group_rows,384,629948,1152,262880
read_edge,0,3,32,fetch_heads,384,392674,1920,135168
read_edge,0,3,32,fetch_payloads,0,0,0,0
read_edge,0,3,32,fold_series,0,0,0,0
read_edge,0,3,32,match_registry,32,723299,6528,622016
read_edge,0,3,32,operation,32,7314564,28800,15615968
read_edge,0,3,32,parse_head,384,80151,1152,49536
read_edge,0,3,32,read_process,32,4015373,6176,11617568
read_edge,0,3,32,read_total,32,7199898,28672,15597920
read_edge,0,3,32,select_group,384,1175491,10048,2678656
read_edge,0,3,32,snapshot,32,3169693,22400,3962656
read_edge,15,3,32,aggregate_process,0,0,0,0
read_edge,15,3,32,aggregate_total,0,0,0,0
read_edge,15,3,32,decode_block,768,2530746,2624,1916576
read_edge,15,3,32,decode_head_chunk,384,26478,0,0
read_edge,15,3,32,fetch_group_rows,384,437791,1152,262880
read_edge,15,3,32,fetch_heads,384,391049,1536,140928
read_edge,15,3,32,fetch_payloads,0,0,0,0
read_edge,15,3,32,fold_series,0,0,0,0
read_edge,15,3,32,match_registry,32,719433,6528,622016
read_edge,15,3,32,operation,32,6300311,25344,8962016
read_edge,15,3,32,parse_head,384,77733,768,55296
read_edge,15,3,32,read_process,32,3263798,3104,4957856
read_edge,15,3,32,read_total,32,6226212,25216,8943968
read_edge,15,3,32,select_group,384,1009230,10048,2678656
read_edge,15,3,32,snapshot,32,2949054,22016,3968416
